dataset,run,order,slots,runner_wall_seconds,fat_slots,gc_enabled,clients,records,transactions,reads,scans,updates,ignored_transactions,checksum,gc_retired_nodes,gc_reclaimed_nodes,gc_pending_nodes,gc_retired_bytes,gc_reclaimed_bytes,gc_pending_bytes,live_nodes,live_internal_nodes,live_leaf_nodes,live_sidecar_leaves,live_delta_records,live_requested_bytes,live_sidecar_requested_bytes,current_rss_bytes,peak_rss_bytes,init_elapsed_seconds,elapsed_seconds,gc_collect_elapsed_seconds,total_elapsed_seconds,num_pipes
/Users/minrain/homework/Path_Copy_memory_version/Contrees/ycsbc/export/workload_memory_1pct_scaled.data,1,1,2,0.662851459,2,1,1,10000000,100000,0,0,100000,0,6238072747940578789,784,784,0,206192,206192,0,1428570,178570,1250000,90195,99706,370764840,5050920,650706944,650706944,0.577018583,0.043777792,0.000041375,0.620837750,3
/Users/minrain/homework/Path_Copy_memory_version/Contrees/ycsbc/export/workload_memory_1pct_scaled.data,1,2,4,0.671765417,4,1,1,10000000,100000,0,0,100000,0,6238072747940578789,0,0,0,0,0,0,1428570,178570,1250000,90292,100000,375104288,9390368,654753792,654753792,0.576508417,0.043059167,0.000000083,0.619567667,3
/Users/minrain/homework/Path_Copy_memory_version/Contrees/ycsbc/export/workload_memory_1pct_scaled.data,1,3,0,0.729351167,0,1,1,10000000,100000,0,0,100000,0,6238072747940578789,800000,800000,0,204800000,204800000,0,1428570,178570,1250000,0,0,365713920,0,703791104,703791104,0.572132959,0.084700209,0.004404042,0.661237210,3
/Users/minrain/homework/Path_Copy_memory_version/Contrees/ycsbc/export/workload_memory_1pct_scaled.data,1,4,8,0.658898708,8,1,1,10000000,100000,0,0,100000,0,6238072747940578789,0,0,0,0,0,0,1428570,178570,1250000,90292,100000,383772320,18058400,657833984,657833984,0.572365166,0.040698542,0.000000042,0.613063750,3
/Users/minrain/homework/Path_Copy_memory_version/Contrees/ycsbc/export/workload_memory_curve_100pct.data,1,1,4,0.330226833,4,1,1,1000000,1000000,0,0,1000000,0,6238072747940578789,1018290,1018290,0,275811120,275811120,0,177742,17887,159855,115352,272650,57498560,11996608,131088384,131088384,0.049153792,0.257761084,0.000127458,0.307042334,3
/Users/minrain/homework/Path_Copy_memory_version/Contrees/ycsbc/export/workload_memory_curve_100pct.data,1,2,8,0.283232625,8,1,1,1000000,1000000,0,0,1000000,0,6238072747940578789,326865,326865,0,93016440,93016440,0,189602,17907,171695,134476,579745,75433312,26895200,147111936,147111936,0.049118208,0.208096125,0.000102041,0.257316374,3
/Users/minrain/homework/Path_Copy_memory_version/Contrees/ycsbc/export/workload_memory_curve_100pct.data,1,3,2,0.421796125,2,1,1,1000000,1000000,0,0,1000000,0,6238072747940578789,1980496,1980496,0,522850944,522850944,0,189779,18084,171695,103647,151216,54387656,5804232,136019968,136019968,0.049966291,0.345792459,0.000266041,0.396024791,3
/Users/minrain/homework/Path_Copy_memory_version/Contrees/ycsbc/export/workload_memory_curve_100pct.data,1,4,0,0.605692667,0,1,1,1000000,1000000,0,0,1000000,0,6238072747940578789,7000000,7000000,0,1792000000,1792000000,0,205437,18818,186619,0,0,52591872,0,176504832,176504832,0.049177541,0.520426417,0.000486625,0.570090583,3
/Users/minrain/homework/Path_Copy_memory_version/Contrees/ycsbc/export/workload_fat_uniform_update.data,1,1,8,0.278017458,8,1,1,1000000,1000000,0,0,1000000,0,6238072747940578789,356755,356755,0,101522280,101522280,0,142856,17856,125000,109350,541315,58441136,21870000,133922816,133922816,0.049003250,0.205585208,0.000112125,0.254700583,3
/Users/minrain/homework/Path_Copy_memory_version/Contrees/ycsbc/export/workload_fat_uniform_update.data,1,2,0,0.597436500,0,1,1,1000000,1000000,0,0,1000000,0,6238072747940578789,7000000,7000000,0,1792000000,1792000000,0,142856,17856,125000,0,0,36571136,0,161857536,161890304,0.049163583,0.514308334,0.000587625,0.564059542,3
/Users/minrain/homework/Path_Copy_memory_version/Contrees/ycsbc/export/workload_fat_uniform_update.data,1,3,4,0.348189209,4,1,1,1000000,1000000,0,0,1000000,0,6238072747940578789,1050070,1050070,0,284418960,284418960,0,142856,17856,125000,100150,249950,46986736,10415600,123797504,123830272,0.049457750,0.275252917,0.000112666,0.324823333,3
/Users/minrain/homework/Path_Copy_memory_version/Contrees/ycsbc/export/workload_fat_uniform_update.data,1,4,2,0.421175125,2,1,1,1000000,1000000,0,0,1000000,0,6238072747940578789,2042817,2042817,0,539303688,539303688,0,142856,17856,125000,83106,124507,41225072,4653936,124960768,124993536,0.049403959,0.346824875,0.000283792,0.396512626,3
/Users/minrain/homework/Path_Copy_memory_version/Contrees/ycsbc/export/workload_fat_zipfian_update.data,1,1,0,0.514809083,0,1,1,1000000,1000000,0,0,1000000,0,6238072747940578789,7000000,7000000,0,1792000000,1792000000,0,142856,17856,125000,0,0,36571136,0,162578432,162611200,0.049235167,0.431961834,0.000670000,0.481867001,3
/Users/minrain/homework/Path_Copy_memory_version/Contrees/ycsbc/export/workload_fat_zipfian_update.data,1,2,2,0.319506375,2,1,1,1000000,1000000,0,0,1000000,0,6238072747940578789,2081982,2081982,0,549643248,549643248,0,142856,17856,125000,75200,107722,40782336,4211200,124338176,124354560,0.049041917,0.247805542,0.000224625,0.297072084,3
/Users/minrain/homework/Path_Copy_memory_version/Contrees/ycsbc/export/workload_fat_zipfian_update.data,1,3,8,0.210337042,8,1,1,1000000,1000000,0,0,1000000,0,6238072747940578789,548450,548450,0,156073200,156073200,0,142856,17856,125000,96517,294850,55874536,19303400,128647168,128647168,0.049028667,0.142003208,0.000057167,0.191089042,3
/Users/minrain/homework/Path_Copy_memory_version/Contrees/ycsbc/export/workload_fat_zipfian_update.data,1,4,4,0.247454708,4,1,1,1000000,1000000,0,0,1000000,0,6238072747940578789,1131088,1131088,0,306363264,306363264,0,142856,17856,125000,89333,192080,45861768,9290632,122011648,122011648,0.049774375,0.177602000,0.000088084,0.227464459,3
/Users/minrain/homework/Path_Copy_memory_version/Contrees/ycsbc/export/workload_fat_uniform_update_long.data,1,1,2,1.991798000,2,1,1,1000000,5000000,0,0,5000000,0,6238072747940578789,11375014,11375014,0,3003003696,3003003696,0,142856,17856,125000,83301,124994,41235992,4664856,220332032,220364800,0.050303250,1.894181500,0.000319584,1.944804334,3
/Users/minrain/homework/Path_Copy_memory_version/Contrees/ycsbc/export/workload_fat_uniform_update_long.data,1,2,4,1.570454542,4,1,1,1000000,5000000,0,0,5000000,0,6238072747940578789,6649328,6649328,0,1801017984,1801017984,0,142856,17856,125000,100080,250480,46979456,10408320,219070464,219103232,0.049520292,1.478652209,0.000156916,1.528329417,3
/Users/minrain/homework/Path_Copy_memory_version/Contrees/ycsbc/export/workload_fat_uniform_update_long.data,1,3,0,2.652587500,0,1,1,1000000,5000000,0,0,5000000,0,6238072747940578789,35000000,35000000,0,8960000000,8960000000,0,142856,17856,125000,0,0,36571136,0,259457024,259489792,0.049356625,2.549814958,0.000749000,2.599920583,3
/Users/minrain/homework/Path_Copy_memory_version/Contrees/ycsbc/export/workload_fat_uniform_update_long.data,1,4,8,1.372976000,8,1,1,1000000,5000000,0,0,5000000,0,6238072747940578789,3500077,3500077,0,996021912,996021912,0,142856,17856,125000,111143,499901,58799736,22228600,229818368,229851136,0.049360000,1.277793333,0.000023708,1.327177041,3
/Users/minrain/homework/Path_Copy_memory_version/Contrees/ycsbc/export/workload_fat_lookup90.data,1,1,4,0.198942834,4,1,1,1000000,1000000,900129,0,99871,0,11708094846521173931,588,588,0,159264,159264,0,142856,17856,125000,70259,99451,43878072,7306936,105398272,105431040,0.049241250,0.133224917,0.000000291,0.182466458,3
/Users/minrain/homework/Path_Copy_memory_version/Contrees/ycsbc/export/workload_fat_lookup90.data,1,2,8,0.206024625,8,1,1,1000000,1000000,900129,0,99871,0,11708094846521173931,0,0,0,0,0,0,142856,17856,125000,70328,99871,50636736,14065600,113131520,113164288,0.049499166,0.139350542,0.000000083,0.188849791,3
/Users/minrain/homework/Path_Copy_memory_version/Contrees/ycsbc/export/workload_fat_lookup90.data,1,3,2,0.198078250,2,1,1,1000000,1000000,900129,0,99871,0,11708094846521173931,36302,36302,0,9583728,9583728,0,142856,17856,125000,65806,84313,40256272,3685136,103170048,103202816,0.049619167,0.132110167,0.000000125,0.181729459,3
/Users/minrain/homework/Path_Copy_memory_version/Contrees/ycsbc/export/workload_fat_lookup90.data,1,4,0,0.193631792,0,1,1,1000000,1000000,900129,0,99871,0,8065160665462857526,699072,699072,0,178962432,178962432,0,142856,17856,125000,0,0,36571136,0,100139008,100171776,0.049231792,0.127954000,0.000001083,0.177186875,3
/Users/minrain/homework/Path_Copy_memory_version/Contrees/ycsbc/export/workload_memory_curve_100pct.data,2,1,8,0.283772667,8,1,1,1000000,1000000,0,0,1000000,0,6238072747940578789,326865,326865,0,93016440,93016440,0,189602,17907,171695,134476,579745,75433312,26895200,147111936,147111936,0.049252250,0.208581458,0.000089583,0.257923291,3
/Users/minrain/homework/Path_Copy_memory_version/Contrees/ycsbc/export/workload_memory_curve_100pct.data,2,2,0,0.605741250,0,1,1,1000000,1000000,0,0,1000000,0,6238072747940578789,7000000,7000000,0,1792000000,1792000000,0,205437,18818,186619,0,0,52591872,0,176504832,176504832,0.049563167,0.520383625,0.000507041,0.570453833,3
/Users/minrain/homework/Path_Copy_memory_version/Contrees/ycsbc/export/workload_memory_curve_100pct.data,2,3,4,0.335537959,4,1,1,1000000,1000000,0,0,1000000,0,6238072747940578789,1018290,1018290,0,275811120,275811120,0,177742,17887,159855,115352,272650,57498560,11996608,131153920,131153920,0.048905375,0.263278208,0.000133375,0.312316958,3
/Users/minrain/homework/Path_Copy_memory_version/Contrees/ycsbc/export/workload_memory_curve_100pct.data,2,4,2,0.439291083,2,1,1,1000000,1000000,0,0,1000000,0,6238072747940578789,1980496,1980496,0,522850944,522850944,0,189779,18084,171695,103647,151216,54387656,5804232,135954432,135954432,0.049135083,0.364322083,0.000243625,0.413700791,3
/Users/minrain/homework/Path_Copy_memory_version/Contrees/ycsbc/export/workload_fat_uniform_update.data,2,1,0,0.588176792,0,1,1,1000000,1000000,0,0,1000000,0,6238072747940578789,7000000,7000000,0,1792000000,1792000000,0,142856,17856,125000,0,0,36571136,0,161660928,161693696,0.049333833,0.505180583,0.000680875,0.555195291,3
/Users/minrain/homework/Path_Copy_memory_version/Contrees/ycsbc/export/workload_fat_uniform_update.data,2,2,2,0.423766083,2,1,1,1000000,1000000,0,0,1000000,0,6238072747940578789,2042817,2042817,0,539303688,539303688,0,142856,17856,125000,83106,124507,41225072,4653936,124944384,124977152,0.048902417,0.350594208,0.000567542,0.400064167,3
/Users/minrain/homework/Path_Copy_memory_version/Contrees/ycsbc/export/workload_fat_uniform_update.data,2,3,8,0.279956250,8,1,1,1000000,1000000,0,0,1000000,0,6238072747940578789,356755,356755,0,101522280,101522280,0,142856,17856,125000,109350,541315,58441136,21870000,133922816,133922816,0.049038000,0.207420125,0.000094458,0.256552583,3
/Users/minrain/homework/Path_Copy_memory_version/Contrees/ycsbc/export/workload_fat_uniform_update.data,2,4,4,0.335608375,4,1,1,1000000,1000000,0,0,1000000,0,6238072747940578789,1050070,1050070,0,284418960,284418960,0,142856,17856,125000,100150,249950,46986736,10415600,123797504,123830272,0.048851708,0.263928833,0.000137209,0.312917750,3
/Users/minrain/homework/Path_Copy_memory_version/Contrees/ycsbc/export/workload_fat_zipfian_update.data,2,1,2,0.324341875,2,1,1,1000000,1000000,0,0,1000000,0,6238072747940578789,2081982,2081982,0,549643248,549643248,0,142856,17856,125000,75200,107722,40782336,4211200,124338176,124338176,0.048967958,0.252339083,0.000221958,0.301528999,3
/Users/minrain/homework/Path_Copy_memory_version/Contrees/ycsbc/export/workload_fat_zipfian_update.data,2,2,4,0.248146916,4,1,1,1000000,1000000,0,0,1000000,0,6238072747940578789,1131088,1131088,0,306363264,306363264,0,142856,17856,125000,89333,192080,45861768,9290632,122011648,122011648,0.049627750,0.178396417,0.000088333,0.228112500,3
/Users/minrain/homework/Path_Copy_memory_version/Contrees/ycsbc/export/workload_fat_zipfian_update.data,2,3,0,0.514936667,0,1,1,1000000,1000000,0,0,1000000,0,6238072747940578789,7000000,7000000,0,1792000000,1792000000,0,142856,17856,125000,0,0,36571136,0,162381824,162414592,0.048978541,0.431823250,0.000514500,0.481316291,3
/Users/minrain/homework/Path_Copy_memory_version/Contrees/ycsbc/export/workload_fat_zipfian_update.data,2,4,8,0.211177083,8,1,1,1000000,1000000,0,0,1000000,0,6238072747940578789,548450,548450,0,156073200,156073200,0,142856,17856,125000,96517,294850,55874536,19303400,128647168,128647168,0.049066791,0.142948500,0.000050458,0.192065749,3
/Users/minrain/homework/Path_Copy_memory_version/Contrees/ycsbc/export/workload_fat_uniform_update_long.data,2,1,4,1.601780083,4,1,1,1000000,5000000,0,0,5000000,0,6238072747940578789,6649328,6649328,0,1801017984,1801017984,0,142856,17856,125000,100080,250480,46979456,10408320,219119616,219152384,0.049929417,1.508873416,0.000141792,1.558944625,3
/Users/minrain/homework/Path_Copy_memory_version/Contrees/ycsbc/export/workload_fat_uniform_update_long.data,2,2,8,1.347745667,8,1,1,1000000,5000000,0,0,5000000,0,6238072747940578789,3500077,3500077,0,996021912,996021912,0,142856,17856,125000,111143,499901,58799736,22228600,229752832,229785600,0.049134625,1.254718125,0.000107084,1.303959834,3
/Users/minrain/homework/Path_Copy_memory_version/Contrees/ycsbc/export/workload_fat_uniform_update_long.data,2,3,2,1.963478167,2,1,1,1000000,5000000,0,0,5000000,0,6238072747940578789,11375014,11375014,0,3003003696,3003003696,0,142856,17856,125000,83301,124994,41235992,4664856,220282880,220315648,0.049443125,1.869548625,0.000011625,1.919003375,3
/Users/minrain/homework/Path_Copy_memory_version/Contrees/ycsbc/export/workload_fat_uniform_update_long.data,2,4,0,2.647319541,0,1,1,1000000,5000000,0,0,5000000,0,6238072747940578789,35000000,35000000,0,8960000000,8960000000,0,142856,17856,125000,0,0,36571136,0,259522560,259555328,0.049461416,2.543075500,0.000698417,2.593235333,3
/Users/minrain/homework/Path_Copy_memory_version/Contrees/ycsbc/export/workload_fat_lookup90.data,2,1,8,0.204621917,8,1,1,1000000,1000000,900129,0,99871,0,11708094846521173931,0,0,0,0,0,0,142856,17856,125000,70328,99871,50636736,14065600,113131520,113164288,0.049377791,0.137029917,0.000000125,0.186407833,3
/Users/minrain/homework/Path_Copy_memory_version/Contrees/ycsbc/export/workload_fat_lookup90.data,2,2,0,0.201550542,0,1,1,1000000,1000000,900129,0,99871,0,11708094846521173931,699079,699079,0,178964224,178964224,0,142856,17856,125000,0,0,36571136,0,100106240,100139008,0.052397834,0.132730500,0.000000958,0.185129292,3
/Users/minrain/homework/Path_Copy_memory_version/Contrees/ycsbc/export/workload_fat_lookup90.data,2,3,4,0.199665083,4,1,1,1000000,1000000,900129,0,99871,0,11708094846521173931,588,588,0,159264,159264,0,142856,17856,125000,70259,99451,43878072,7306936,105398272,105431040,0.049088083,0.134373208,0.000000125,0.183461416,3
/Users/minrain/homework/Path_Copy_memory_version/Contrees/ycsbc/export/workload_fat_lookup90.data,2,4,2,0.194186583,2,1,1,1000000,1000000,900129,0,99871,0,11708094846521173931,36302,36302,0,9583728,9583728,0,142856,17856,125000,65806,84313,40256272,3685136,103170048,103202816,0.049133292,0.129049250,0.000000208,0.178182750,3
/Users/minrain/homework/Path_Copy_memory_version/Contrees/ycsbc/export/workload_memory_1pct_scaled.data,2,1,4,0.661650750,4,1,1,10000000,100000,0,0,100000,0,6238072747940578789,0,0,0,0,0,0,1428570,178570,1250000,90292,100000,375104288,9390368,654753792,654753792,0.575927917,0.042034458,0.000000125,0.617962500,3
/Users/minrain/homework/Path_Copy_memory_version/Contrees/ycsbc/export/workload_memory_1pct_scaled.data,2,2,8,0.660485708,8,1,1,10000000,100000,0,0,100000,0,6238072747940578789,0,0,0,0,0,0,1428570,178570,1250000,90292,100000,383772320,18058400,657833984,657833984,0.572740292,0.041203875,0.000000041,0.613944208,3
/Users/minrain/homework/Path_Copy_memory_version/Contrees/ycsbc/export/workload_memory_1pct_scaled.data,2,3,2,0.654911959,2,1,1,10000000,100000,0,0,100000,0,6238072747940578789,784,784,0,206192,206192,0,1428570,178570,1250000,90195,99706,370764840,5050920,650706944,650706944,0.573673792,0.038790375,0.000036917,0.612501084,3
/Users/minrain/homework/Path_Copy_memory_version/Contrees/ycsbc/export/workload_memory_1pct_scaled.data,2,4,0,0.722113750,0,1,1,10000000,100000,0,0,100000,0,6238072747940578789,800000,800000,0,204800000,204800000,0,1428570,178570,1250000,0,0,365713920,0,708853760,708853760,0.571185833,0.080796917,0.000526166,0.652508916,3
/Users/minrain/homework/Path_Copy_memory_version/Contrees/ycsbc/export/workload_fat_uniform_update.data,3,1,2,0.429315083,2,1,1,1000000,1000000,0,0,1000000,0,6238072747940578789,2042817,2042817,0,539303688,539303688,0,142856,17856,125000,83106,124507,41225072,4653936,124944384,124977152,0.049210917,0.355061667,0.000280417,0.404553001,3
/Users/minrain/homework/Path_Copy_memory_version/Contrees/ycsbc/export/workload_fat_uniform_update.data,3,2,4,0.338371959,4,1,1,1000000,1000000,0,0,1000000,0,6238072747940578789,1050070,1050070,0,284418960,284418960,0,142856,17856,125000,100150,249950,46986736,10415600,123797504,123830272,0.049342250,0.265947958,0.000174834,0.315465042,3
/Users/minrain/homework/Path_Copy_memory_version/Contrees/ycsbc/export/workload_fat_uniform_update.data,3,3,0,0.589670000,0,1,1,1000000,1000000,0,0,1000000,0,6238072747940578789,7000000,7000000,0,1792000000,1792000000,0,142856,17856,125000,0,0,36571136,0,162250752,162283520,0.049211042,0.506633000,0.000537333,0.556381375,3
/Users/minrain/homework/Path_Copy_memory_version/Contrees/ycsbc/export/workload_fat_uniform_update.data,3,4,8,0.281055959,8,1,1,1000000,1000000,0,0,1000000,0,6238072747940578789,356755,356755,0,101522280,101522280,0,142856,17856,125000,109350,541315,58441136,21870000,133857280,133857280,0.049585792,0.207731750,0.000086166,0.257403708,3
/Users/minrain/homework/Path_Copy_memory_version/Contrees/ycsbc/export/workload_fat_zipfian_update.data,3,1,4,0.265913208,4,1,1,1000000,1000000,0,0,1000000,0,6238072747940578789,1131088,1131088,0,306363264,306363264,0,142856,17856,125000,89333,192080,45861768,9290632,122011648,122011648,0.049962416,0.194253584,0.000087750,0.244303750,3
/Users/minrain/homework/Path_Copy_memory_version/Contrees/ycsbc/export/workload_fat_zipfian_update.data,3,2,8,0.218701000,8,1,1,1000000,1000000,0,0,1000000,0,6238072747940578789,548450,548450,0,156073200,156073200,0,142856,17856,125000,96517,294850,55874536,19303400,128647168,128647168,0.049297833,0.150297333,0.000066334,0.199661500,3
/Users/minrain/homework/Path_Copy_memory_version/Contrees/ycsbc/export/workload_fat_zipfian_update.data,3,3,2,0.321641500,2,1,1,1000000,1000000,0,0,1000000,0,6238072747940578789,2081982,2081982,0,549643248,549643248,0,142856,17856,125000,75200,107722,40782336,4211200,124338176,124354560,0.049597583,0.248904500,0.000239333,0.298741416,3
/Users/minrain/homework/Path_Copy_memory_version/Contrees/ycsbc/export/workload_fat_zipfian_update.data,3,4,0,0.515143625,0,1,1,1000000,1000000,0,0,1000000,0,6238072747940578789,7000000,7000000,0,1792000000,1792000000,0,142856,17856,125000,0,0,36571136,0,162381824,162414592,0.049328750,0.432625292,0.000491667,0.482445709,3
/Users/minrain/homework/Path_Copy_memory_version/Contrees/ycsbc/export/workload_fat_uniform_update_long.data,3,1,8,1.346759083,8,1,1,1000000,5000000,0,0,5000000,0,6238072747940578789,3500077,3500077,0,996021912,996021912,0,142856,17856,125000,111143,499901,58799736,22228600,229752832,229785600,0.049221291,1.253297125,0.000088917,1.302607333,3
/Users/minrain/homework/Path_Copy_memory_version/Contrees/ycsbc/export/workload_fat_uniform_update_long.data,3,2,0,2.653639875,0,1,1,1000000,5000000,0,0,5000000,0,6238072747940578789,35000000,35000000,0,8960000000,8960000000,0,142856,17856,125000,0,0,36571136,0,258342912,258375680,0.049388208,2.550435708,0.001118500,2.600942416,3
/Users/minrain/homework/Path_Copy_memory_version/Contrees/ycsbc/export/workload_fat_uniform_update_long.data,3,3,4,1.559740458,4,1,1,1000000,5000000,0,0,5000000,0,6238072747940578789,6649328,6649328,0,1801017984,1801017984,0,142856,17856,125000,100080,250480,46979456,10408320,219054080,219086848,0.049212708,1.467687125,0.000159833,1.517059666,3
/Users/minrain/homework/Path_Copy_memory_version/Contrees/ycsbc/export/workload_fat_uniform_update_long.data,3,4,2,1.971474958,2,1,1,1000000,5000000,0,0,5000000,0,6238072747940578789,11375014,11375014,0,3003003696,3003003696,0,142856,17856,125000,83301,124994,41235992,4664856,220332032,220364800,0.049290333,1.876702125,0.000245708,1.926238166,3
/Users/minrain/homework/Path_Copy_memory_version/Contrees/ycsbc/export/workload_fat_lookup90.data,3,1,0,0.202129625,0,1,1,1000000,1000000,900129,0,99871,0,1177948008371655749,699069,699069,0,178961664,178961664,0,142856,17856,125000,0,0,36571136,0,100139008,100171776,0.049331708,0.136423375,0.000001458,0.185756541,3
/Users/minrain/homework/Path_Copy_memory_version/Contrees/ycsbc/export/workload_fat_lookup90.data,3,2,2,0.196523458,2,1,1,1000000,1000000,900129,0,99871,0,11708094846521173931,36302,36302,0,9583728,9583728,0,142856,17856,125000,65806,84313,40256272,3685136,103170048,103202816,0.049344500,0.130416375,0.000000208,0.179761083,3
/Users/minrain/homework/Path_Copy_memory_version/Contrees/ycsbc/export/workload_fat_lookup90.data,3,3,8,0.217654792,8,1,1,1000000,1000000,900129,0,99871,0,11708094846521173931,0,0,0,0,0,0,142856,17856,125000,70328,99871,50636736,14065600,113131520,113164288,0.049065458,0.150924083,0.000000250,0.199989791,3
/Users/minrain/homework/Path_Copy_memory_version/Contrees/ycsbc/export/workload_fat_lookup90.data,3,4,4,0.193931709,4,1,1,1000000,1000000,900129,0,99871,0,11708094846521173931,588,588,0,159264,159264,0,142856,17856,125000,70259,99451,43878072,7306936,105398272,105431040,0.049129625,0.128313209,0.000000083,0.177442917,3
/Users/minrain/homework/Path_Copy_memory_version/Contrees/ycsbc/export/workload_memory_1pct_scaled.data,3,1,8,0.665171667,8,1,1,10000000,100000,0,0,100000,0,6238072747940578789,0,0,0,0,0,0,1428570,178570,1250000,90292,100000,383772320,18058400,657833984,657833984,0.571772000,0.048037625,0.000000041,0.619809666,3
/Users/minrain/homework/Path_Copy_memory_version/Contrees/ycsbc/export/workload_memory_1pct_scaled.data,3,2,0,0.724743833,0,1,1,10000000,100000,0,0,100000,0,6238072747940578789,800000,800000,0,204800000,204800000,0,1428570,178570,1250000,0,0,365713920,0,704774144,704774144,0.575064916,0.077978667,0.002447166,0.655490749,3
/Users/minrain/homework/Path_Copy_memory_version/Contrees/ycsbc/export/workload_memory_1pct_scaled.data,3,3,4,0.657577042,4,1,1,10000000,100000,0,0,100000,0,6238072747940578789,0,0,0,0,0,0,1428570,178570,1250000,90292,100000,375104288,9390368,654753792,654753792,0.573732625,0.039493291,0.000000084,0.613226000,3
/Users/minrain/homework/Path_Copy_memory_version/Contrees/ycsbc/export/workload_memory_1pct_scaled.data,3,4,2,0.665083542,2,1,1,10000000,100000,0,0,100000,0,6238072747940578789,784,784,0,206192,206192,0,1428570,178570,1250000,90195,99706,370764840,5050920,650706944,650706944,0.577203750,0.041982000,0.000033416,0.619219166,3
/Users/minrain/homework/Path_Copy_memory_version/Contrees/ycsbc/export/workload_memory_curve_100pct.data,3,1,0,0.604408167,0,1,1,1000000,1000000,0,0,1000000,0,6238072747940578789,7000000,7000000,0,1792000000,1792000000,0,205437,18818,186619,0,0,52591872,0,176439296,176439296,0.049241125,0.518883541,0.000577084,0.568701750,3
/Users/minrain/homework/Path_Copy_memory_version/Contrees/ycsbc/export/workload_memory_curve_100pct.data,3,2,2,0.424484625,2,1,1,1000000,1000000,0,0,1000000,0,6238072747940578789,1980496,1980496,0,522850944,522850944,0,189779,18084,171695,103647,151216,54387656,5804232,136019968,136019968,0.049786375,0.348393667,0.000254416,0.398434458,3
/Users/minrain/homework/Path_Copy_memory_version/Contrees/ycsbc/export/workload_memory_curve_100pct.data,3,3,8,0.279949666,8,1,1,1000000,1000000,0,0,1000000,0,6238072747940578789,326865,326865,0,93016440,93016440,0,189602,17907,171695,134476,579745,75433312,26895200,147177472,147177472,0.049002208,0.205581208,0.000087500,0.254670916,3
/Users/minrain/homework/Path_Copy_memory_version/Contrees/ycsbc/export/workload_memory_curve_100pct.data,3,4,4,0.335971292,4,1,1,1000000,1000000,0,0,1000000,0,6238072747940578789,1018290,1018290,0,275811120,275811120,0,177742,17887,159855,115352,272650,57498560,11996608,131153920,131153920,0.049406916,0.263199875,0.000153042,0.312759833,3
/Users/minrain/homework/Path_Copy_memory_version/Contrees/ycsbc/export/workload_fat_zipfian_update.data,4,1,8,0.216030625,8,1,1,1000000,1000000,0,0,1000000,0,6238072747940578789,548450,548450,0,156073200,156073200,0,142856,17856,125000,96517,294850,55874536,19303400,128647168,128647168,0.048964333,0.147435958,0.000048417,0.196448708,3
/Users/minrain/homework/Path_Copy_memory_version/Contrees/ycsbc/export/workload_fat_zipfian_update.data,4,2,0,0.517645750,0,1,1,1000000,1000000,0,0,1000000,0,6238072747940578789,7000000,7000000,0,1792000000,1792000000,0,142856,17856,125000,0,0,36571136,0,162512896,162545664,0.048848916,0.434121042,0.000622000,0.483591958,3
/Users/minrain/homework/Path_Copy_memory_version/Contrees/ycsbc/export/workload_fat_zipfian_update.data,4,3,4,0.247964666,4,1,1,1000000,1000000,0,0,1000000,0,6238072747940578789,1131088,1131088,0,306363264,306363264,0,142856,17856,125000,89333,192080,45861768,9290632,122011648,122011648,0.049309041,0.178757459,0.000088500,0.228155000,3
/Users/minrain/homework/Path_Copy_memory_version/Contrees/ycsbc/export/workload_fat_zipfian_update.data,4,4,2,0.327758917,2,1,1,1000000,1000000,0,0,1000000,0,6238072747940578789,2081982,2081982,0,549643248,549643248,0,142856,17856,125000,75200,107722,40782336,4211200,124338176,124354560,0.049121042,0.255057750,0.000227792,0.304406584,3
/Users/minrain/homework/Path_Copy_memory_version/Contrees/ycsbc/export/workload_fat_uniform_update_long.data,4,1,0,2.711721666,0,1,1,1000000,5000000,0,0,5000000,0,6238072747940578789,35000000,35000000,0,8960000000,8960000000,0,142856,17856,125000,0,0,36571136,0,259522560,259555328,0.049968084,2.606255875,0.000680958,2.656904917,3
/Users/minrain/homework/Path_Copy_memory_version/Contrees/ycsbc/export/workload_fat_uniform_update_long.data,4,2,2,1.963575500,2,1,1,1000000,5000000,0,0,5000000,0,6238072747940578789,11375014,11375014,0,3003003696,3003003696,0,142856,17856,125000,83301,124994,41235992,4664856,220332032,220364800,0.049554750,1.869207375,0.000361125,1.919123250,3
/Users/minrain/homework/Path_Copy_memory_version/Contrees/ycsbc/export/workload_fat_uniform_update_long.data,4,3,8,1.402299917,8,1,1,1000000,5000000,0,0,5000000,0,6238072747940578789,3500077,3500077,0,996021912,996021912,0,142856,17856,125000,111143,499901,58799736,22228600,229752832,229785600,0.049682667,1.307004666,0.000084834,1.356772167,3
/Users/minrain/homework/Path_Copy_memory_version/Contrees/ycsbc/export/workload_fat_uniform_update_long.data,4,4,4,1.563692417,4,1,1,1000000,5000000,0,0,5000000,0,6238072747940578789,6649328,6649328,0,1801017984,1801017984,0,142856,17856,125000,100080,250480,46979456,10408320,219119616,219152384,0.050089125,1.470169625,0.000163250,1.520422000,3
/Users/minrain/homework/Path_Copy_memory_version/Contrees/ycsbc/export/workload_fat_lookup90.data,4,1,2,0.195527750,2,1,1,1000000,1000000,900129,0,99871,0,11708094846521173931,36302,36302,0,9583728,9583728,0,142856,17856,125000,65806,84313,40256272,3685136,103170048,103202816,0.049316583,0.129453708,0.000000334,0.178770625,3
/Users/minrain/homework/Path_Copy_memory_version/Contrees/ycsbc/export/workload_fat_lookup90.data,4,2,4,0.199223834,4,1,1,1000000,1000000,900129,0,99871,0,11708094846521173931,588,588,0,159264,159264,0,142856,17856,125000,70259,99451,43878072,7306936,105398272,105431040,0.049693791,0.133119000,0.000000125,0.182812916,3
/Users/minrain/homework/Path_Copy_memory_version/Contrees/ycsbc/export/workload_fat_lookup90.data,4,3,0,0.195776667,0,1,1,1000000,1000000,900129,0,99871,0,7659225933388848931,699068,699068,0,178961408,178961408,0,142856,17856,125000,0,0,36571136,0,100139008,100171776,0.049414583,0.130101875,0.000000916,0.179517374,3
/Users/minrain/homework/Path_Copy_memory_version/Contrees/ycsbc/export/workload_fat_lookup90.data,4,4,8,0.202975750,8,1,1,1000000,1000000,900129,0,99871,0,11708094846521173931,0,0,0,0,0,0,142856,17856,125000,70328,99871,50636736,14065600,113131520,113164288,0.049267916,0.135902750,0.000000167,0.185170833,3
/Users/minrain/homework/Path_Copy_memory_version/Contrees/ycsbc/export/workload_memory_1pct_scaled.data,4,1,0,0.722368417,0,1,1,10000000,100000,0,0,100000,0,6238072747940578789,800000,800000,0,204800000,204800000,0,1428570,178570,1250000,0,0,365713920,0,704118784,704118784,0.572109959,0.077595500,0.002796209,0.652501668,3
/Users/minrain/homework/Path_Copy_memory_version/Contrees/ycsbc/export/workload_memory_1pct_scaled.data,4,2,2,0.658487667,2,1,1,10000000,100000,0,0,100000,0,6238072747940578789,784,784,0,206192,206192,0,1428570,178570,1250000,90195,99706,370764840,5050920,650706944,650706944,0.572930000,0.041914125,0.000170833,0.615014958,3
/Users/minrain/homework/Path_Copy_memory_version/Contrees/ycsbc/export/workload_memory_1pct_scaled.data,4,3,8,0.660380833,8,1,1,10000000,100000,0,0,100000,0,6238072747940578789,0,0,0,0,0,0,1428570,178570,1250000,90292,100000,383772320,18058400,657833984,657833984,0.574947500,0.038695250,0.000000041,0.613642791,3
/Users/minrain/homework/Path_Copy_memory_version/Contrees/ycsbc/export/workload_memory_1pct_scaled.data,4,4,4,0.655899583,4,1,1,10000000,100000,0,0,100000,0,6238072747940578789,0,0,0,0,0,0,1428570,178570,1250000,90292,100000,375104288,9390368,654753792,654753792,0.571893625,0.039434292,0.000000083,0.611328000,3
/Users/minrain/homework/Path_Copy_memory_version/Contrees/ycsbc/export/workload_memory_curve_100pct.data,4,1,2,0.428971959,2,1,1,1000000,1000000,0,0,1000000,0,6238072747940578789,1980496,1980496,0,522850944,522850944,0,189779,18084,171695,103647,151216,54387656,5804232,136019968,136019968,0.051754583,0.350821708,0.000221625,0.402797916,3
/Users/minrain/homework/Path_Copy_memory_version/Contrees/ycsbc/export/workload_memory_curve_100pct.data,4,2,4,0.333847458,4,1,1,1000000,1000000,0,0,1000000,0,6238072747940578789,1018290,1018290,0,275811120,275811120,0,177742,17887,159855,115352,272650,57498560,11996608,131153920,131153920,0.049206459,0.261176000,0.000124250,0.310506709,3
/Users/minrain/homework/Path_Copy_memory_version/Contrees/ycsbc/export/workload_memory_curve_100pct.data,4,3,0,0.604228208,0,1,1,1000000,1000000,0,0,1000000,0,6238072747940578789,7000000,7000000,0,1792000000,1792000000,0,205437,18818,186619,0,0,52591872,0,176373760,176373760,0.049160750,0.519270625,0.000696500,0.569127875,3
/Users/minrain/homework/Path_Copy_memory_version/Contrees/ycsbc/export/workload_memory_curve_100pct.data,4,4,8,0.286207750,8,1,1,1000000,1000000,0,0,1000000,0,6238072747940578789,326865,326865,0,93016440,93016440,0,189602,17907,171695,134476,579745,75433312,26895200,147111936,147111936,0.049924250,0.206181625,0.000092417,0.256198292,3
/Users/minrain/homework/Path_Copy_memory_version/Contrees/ycsbc/export/workload_fat_uniform_update.data,4,1,4,0.337104542,4,1,1,1000000,1000000,0,0,1000000,0,6238072747940578789,1050070,1050070,0,284418960,284418960,0,142856,17856,125000,100150,249950,46986736,10415600,123731968,123764736,0.049356459,0.264469834,0.000124083,0.313950376,3
/Users/minrain/homework/Path_Copy_memory_version/Contrees/ycsbc/export/workload_fat_uniform_update.data,4,2,8,0.294036208,8,1,1,1000000,1000000,0,0,1000000,0,6238072747940578789,356755,356755,0,101522280,101522280,0,142856,17856,125000,109350,541315,58441136,21870000,133857280,133857280,0.049935375,0.217576583,0.000087083,0.267599041,3
/Users/minrain/homework/Path_Copy_memory_version/Contrees/ycsbc/export/workload_fat_uniform_update.data,4,3,2,0.437598958,2,1,1,1000000,1000000,0,0,1000000,0,6238072747940578789,2042817,2042817,0,539303688,539303688,0,142856,17856,125000,83106,124507,41225072,4653936,124944384,124977152,0.049259209,0.364006041,0.000247292,0.413512542,3
/Users/minrain/homework/Path_Copy_memory_version/Contrees/ycsbc/export/workload_fat_uniform_update.data,4,4,0,0.588841250,0,1,1,1000000,1000000,0,0,1000000,0,6238072747940578789,7000000,7000000,0,1792000000,1792000000,0,142856,17856,125000,0,0,36571136,0,161857536,161890304,0.049113333,0.506329584,0.000604541,0.556047458,3
/Users/minrain/homework/Path_Copy_memory_version/Contrees/ycsbc/export/workload_fat_uniform_update_long.data,5,1,2,1.947162167,2,1,1,1000000,5000000,0,0,5000000,0,6238072747940578789,11375014,11375014,0,3003003696,3003003696,0,142856,17856,125000,83301,124994,41235992,4664856,220282880,220299264,0.049397375,1.853474958,0.000855750,1.903728083,3
/Users/minrain/homework/Path_Copy_memory_version/Contrees/ycsbc/export/workload_fat_uniform_update_long.data,5,2,4,1.612914917,4,1,1,1000000,5000000,0,0,5000000,0,6238072747940578789,6649328,6649328,0,1801017984,1801017984,0,142856,17856,125000,100080,250480,46979456,10408320,219119616,219152384,0.049312917,1.520221708,0.000174375,1.569709000,3
/Users/minrain/homework/Path_Copy_memory_version/Contrees/ycsbc/export/workload_fat_uniform_update_long.data,5,3,0,2.645389541,0,1,1,1000000,5000000,0,0,5000000,0,6238072747940578789,35000000,35000000,0,8960000000,8960000000,0,142856,17856,125000,0,0,36571136,0,259522560,259555328,0.049174875,2.543140583,0.000769833,2.593085291,3
/Users/minrain/homework/Path_Copy_memory_version/Contrees/ycsbc/export/workload_fat_uniform_update_long.data,5,4,8,1.395514917,8,1,1,1000000,5000000,0,0,5000000,0,6238072747940578789,3500077,3500077,0,996021912,996021912,0,142856,17856,125000,111143,499901,58799736,22228600,229818368,229851136,0.049219292,1.300374291,0.000237125,1.349830708,3
/Users/minrain/homework/Path_Copy_memory_version/Contrees/ycsbc/export/workload_fat_lookup90.data,5,1,4,0.201147708,4,1,1,1000000,1000000,900129,0,99871,0,11708094846521173931,588,588,0,159264,159264,0,142856,17856,125000,70259,99451,43878072,7306936,105398272,105431040,0.049173792,0.135365625,0.000000125,0.184539542,3
/Users/minrain/homework/Path_Copy_memory_version/Contrees/ycsbc/export/workload_fat_lookup90.data,5,2,8,0.203076583,8,1,1,1000000,1000000,900129,0,99871,0,11708094846521173931,0,0,0,0,0,0,142856,17856,125000,70328,99871,50636736,14065600,113131520,113164288,0.049133458,0.136610250,0.000000125,0.185743833,3
/Users/minrain/homework/Path_Copy_memory_version/Contrees/ycsbc/export/workload_fat_lookup90.data,5,3,2,0.195925333,2,1,1,1000000,1000000,900129,0,99871,0,11708094846521173931,36302,36302,0,9583728,9583728,0,142856,17856,125000,65806,84313,40256272,3685136,103170048,103202816,0.049032708,0.130556042,0.000000500,0.179589250,3
/Users/minrain/homework/Path_Copy_memory_version/Contrees/ycsbc/export/workload_fat_lookup90.data,5,4,0,0.196191666,0,1,1,1000000,1000000,900129,0,99871,0,11708094846521173931,699085,699085,0,178965760,178965760,0,142856,17856,125000,0,0,36571136,0,100122624,100155392,0.049012458,0.131384625,0.000001000,0.180398083,3
/Users/minrain/homework/Path_Copy_memory_version/Contrees/ycsbc/export/workload_memory_1pct_scaled.data,5,1,2,0.653500542,2,1,1,10000000,100000,0,0,100000,0,6238072747940578789,784,784,0,206192,206192,0,1428570,178570,1250000,90195,99706,370764840,5050920,650706944,650706944,0.573300291,0.037580209,0.000034166,0.610914666,3
/Users/minrain/homework/Path_Copy_memory_version/Contrees/ycsbc/export/workload_memory_1pct_scaled.data,5,2,4,0.661197792,4,1,1,10000000,100000,0,0,100000,0,6238072747940578789,0,0,0,0,0,0,1428570,178570,1250000,90292,100000,375104288,9390368,654753792,654753792,0.576400084,0.041190834,0.000000209,0.617591127,3
/Users/minrain/homework/Path_Copy_memory_version/Contrees/ycsbc/export/workload_memory_1pct_scaled.data,5,3,0,0.722080541,0,1,1,10000000,100000,0,0,100000,0,6238072747940578789,800000,800000,0,204800000,204800000,0,1428570,178570,1250000,0,0,365713920,0,704118784,704118784,0.572439042,0.077933291,0.002761917,0.653134250,3
/Users/minrain/homework/Path_Copy_memory_version/Contrees/ycsbc/export/workload_memory_1pct_scaled.data,5,4,8,0.661189125,8,1,1,10000000,100000,0,0,100000,0,6238072747940578789,0,0,0,0,0,0,1428570,178570,1250000,90292,100000,383772320,18058400,657833984,657833984,0.574424500,0.040147125,0.000000250,0.614571875,3
/Users/minrain/homework/Path_Copy_memory_version/Contrees/ycsbc/export/workload_memory_curve_100pct.data,5,1,4,0.363430708,4,1,1,1000000,1000000,0,0,1000000,0,6238072747940578789,1018290,1018290,0,275811120,275811120,0,177742,17887,159855,115352,272650,57498560,11996608,131088384,131088384,0.049153000,0.290188458,0.000145500,0.339486958,3
/Users/minrain/homework/Path_Copy_memory_version/Contrees/ycsbc/export/workload_memory_curve_100pct.data,5,2,8,0.285156542,8,1,1,1000000,1000000,0,0,1000000,0,6238072747940578789,326865,326865,0,93016440,93016440,0,189602,17907,171695,134476,579745,75433312,26895200,147111936,147111936,0.049205166,0.210947167,0.000093083,0.260245416,3
/Users/minrain/homework/Path_Copy_memory_version/Contrees/ycsbc/export/workload_memory_curve_100pct.data,5,3,2,0.417598791,2,1,1,1000000,1000000,0,0,1000000,0,6238072747940578789,1980496,1980496,0,522850944,522850944,0,189779,18084,171695,103647,151216,54387656,5804232,135954432,135954432,0.049048125,0.343848917,0.000324083,0.393221125,3
/Users/minrain/homework/Path_Copy_memory_version/Contrees/ycsbc/export/workload_memory_curve_100pct.data,5,4,0,0.602887583,0,1,1,1000000,1000000,0,0,1000000,0,6238072747940578789,7000000,7000000,0,1792000000,1792000000,0,205437,18818,186619,0,0,52591872,0,176373760,176373760,0.048963167,0.517954625,0.000742708,0.567660500,3
/Users/minrain/homework/Path_Copy_memory_version/Contrees/ycsbc/export/workload_fat_uniform_update.data,5,1,8,0.277121541,8,1,1,1000000,1000000,0,0,1000000,0,6238072747940578789,356755,356755,0,101522280,101522280,0,142856,17856,125000,109350,541315,58441136,21870000,133922816,133922816,0.049084667,0.205344416,0.000097333,0.254526416,3
/Users/minrain/homework/Path_Copy_memory_version/Contrees/ycsbc/export/workload_fat_uniform_update.data,5,2,0,0.594977541,0,1,1,1000000,1000000,0,0,1000000,0,6238072747940578789,7000000,7000000,0,1792000000,1792000000,0,142856,17856,125000,0,0,36571136,0,161988608,162021376,0.049319042,0.511795083,0.000663459,0.561777584,3
/Users/minrain/homework/Path_Copy_memory_version/Contrees/ycsbc/export/workload_fat_uniform_update.data,5,3,4,0.338540625,4,1,1,1000000,1000000,0,0,1000000,0,6238072747940578789,1050070,1050070,0,284418960,284418960,0,142856,17856,125000,100150,249950,46986736,10415600,123731968,123764736,0.049297375,0.265593958,0.000141042,0.315032375,3
/Users/minrain/homework/Path_Copy_memory_version/Contrees/ycsbc/export/workload_fat_uniform_update.data,5,4,2,0.420247042,2,1,1,1000000,1000000,0,0,1000000,0,6238072747940578789,2042817,2042817,0,539303688,539303688,0,142856,17856,125000,83106,124507,41225072,4653936,124944384,124977152,0.049466500,0.345892375,0.000309875,0.395668750,3
/Users/minrain/homework/Path_Copy_memory_version/Contrees/ycsbc/export/workload_fat_zipfian_update.data,5,1,0,0.522243000,0,1,1,1000000,1000000,0,0,1000000,0,6238072747940578789,7000000,7000000,0,1792000000,1792000000,0,142856,17856,125000,0,0,36571136,0,162512896,162545664,0.049294250,0.437868292,0.000574292,0.487736834,3
/Users/minrain/homework/Path_Copy_memory_version/Contrees/ycsbc/export/workload_fat_zipfian_update.data,5,2,2,0.339920833,2,1,1,1000000,1000000,0,0,1000000,0,6238072747940578789,2081982,2081982,0,549643248,549643248,0,142856,17856,125000,75200,107722,40782336,4211200,124403712,124420096,0.049356834,0.266327625,0.000245916,0.315930375,3
/Users/minrain/homework/Path_Copy_memory_version/Contrees/ycsbc/export/workload_fat_zipfian_update.data,5,3,8,0.221917625,8,1,1,1000000,1000000,0,0,1000000,0,6238072747940578789,548450,548450,0,156073200,156073200,0,142856,17856,125000,96517,294850,55874536,19303400,128647168,128647168,0.049171625,0.152451583,0.000062667,0.201685875,3
/Users/minrain/homework/Path_Copy_memory_version/Contrees/ycsbc/export/workload_fat_zipfian_update.data,5,4,4,0.255430292,4,1,1,1000000,1000000,0,0,1000000,0,6238072747940578789,1131088,1131088,0,306363264,306363264,0,142856,17856,125000,89333,192080,45861768,9290632,122011648,122011648,0.049111666,0.186234458,0.000076709,0.235422833,3
