run,order,records,updates,clients,workers,slots,pattern,pinned,elapsed_seconds,peak_rss_bytes,live_requested_bytes,sidecar_bytes,retired_bytes,reclaimed_bytes,pending_bytes,appended_updates,cow_updates,append_waves,max_wave_groups,parallel_min_groups,parallel_waves,parallel_updates,reference_ok
1,1,10000,30000,4,1,2,uniform,0,0.0231832,8601600,413224,47656,12796208,12796208,0,20422,9578,6522,168,16,0,0,True
1,2,10000,30000,4,1,4,uniform,0,0.0161045,8617984,471752,106184,7598160,7598160,0,24510,5490,4494,235,16,0,0,True
1,3,10000,30000,4,1,0,uniform,0,0.0264087,8699904,365568,0,38400000,38400000,0,0,30000,0,0,16,0,0,True
1,4,10000,30000,4,1,8,uniform,0,0.00978279,8699904,593168,227600,4098120,4098120,0,27231,2769,2518,234,16,0,0,True
1,1,10000,30000,4,1,2,uniform,0,0.0236641,8650752,413224,47656,12796208,12796208,0,20422,9578,6532,181,2,0,0,True
1,2,10000,30000,4,1,4,uniform,0,0.0163304,8601600,471752,106184,7598160,7598160,0,24510,5490,4511,236,2,0,0,True
1,3,10000,30000,4,1,0,uniform,0,0.0273251,8667136,365568,0,38400000,38400000,0,0,30000,0,0,2,0,0,True
1,4,10000,30000,4,1,8,uniform,0,0.0103248,8601600,593168,227600,4098120,4098120,0,27231,2769,2544,236,2,0,0,True
1,1,10000,30000,4,2,4,uniform,0,0.0553529,8683520,471752,106184,7598160,7598160,0,24510,5490,4493,240,2,3593,23608,True
1,2,10000,30000,4,2,8,uniform,0,0.0341503,8601600,593168,227600,4098120,4098120,0,27231,2769,2539,238,2,2244,26936,True
1,3,10000,30000,4,2,2,uniform,0,0.0696238,8601600,413224,47656,12796208,12796208,0,20422,9578,6543,114,2,4428,18304,True
1,4,10000,30000,4,2,0,uniform,0,0.0268038,8634368,365568,0,38400000,38400000,0,0,30000,0,0,2,0,0,True
1,1,10000,30000,4,2,4,uniform,0,0.0178874,8601600,471752,106184,7598160,7598160,0,24510,5490,4492,232,16,199,5512,True
1,2,10000,30000,4,2,8,uniform,0,0.0149943,8601600,593168,227600,4098120,4098120,0,27231,2769,2531,239,16,446,15052,True
1,3,10000,30000,4,2,2,uniform,0,0.0230945,8601600,413224,47656,12796208,12796208,0,20422,9578,6576,183,16,27,907,True
1,4,10000,30000,4,2,0,uniform,0,0.0278527,8601600,365568,0,38400000,38400000,0,0,30000,0,0,16,0,0,True
1,1,10000,30000,4,4,0,uniform,0,0.0276746,8699904,365568,0,38400000,38400000,0,0,30000,0,0,2,0,0,True
1,2,10000,30000,4,4,2,uniform,0,0.091902,8601600,413224,47656,12796208,12796208,0,20422,9578,6561,181,2,4405,18264,True
1,3,10000,30000,4,4,8,uniform,0,0.0444568,8749056,593168,227600,4098120,4098120,0,27231,2769,2527,241,2,2242,26946,True
1,4,10000,30000,4,4,4,uniform,0,0.0714273,8601600,471752,106184,7598160,7598160,0,24510,5490,4499,231,2,3627,23636,True
1,1,10000,30000,4,4,0,uniform,0,0.0269768,8650752,365568,0,38400000,38400000,0,0,30000,0,0,16,0,0,True
1,2,10000,30000,4,4,2,uniform,0,0.0245289,8601600,413224,47656,12796208,12796208,0,20422,9578,6553,171,16,42,1142,True
1,3,10000,30000,4,4,8,uniform,0,0.0174177,8732672,593168,227600,4098120,4098120,0,27231,2769,2535,237,16,447,14923,True
1,4,10000,30000,4,4,4,uniform,0,0.0194325,8601600,471752,106184,7598160,7598160,0,24510,5490,4495,233,16,177,5109,True
1,1,10000,30000,4,4,2,uniform,1,0.0245498,18219008,413224,47656,12796208,12796208,0,20422,9578,6550,181,16,33,1010,True
1,2,10000,30000,4,4,4,uniform,1,0.019778,12533760,471752,106184,7598160,7598160,0,24510,5490,4511,239,16,191,5483,True
1,3,10000,30000,4,4,0,uniform,1,0.0296711,45826048,365568,0,38400000,38400000,0,0,30000,0,0,16,0,0,True
1,4,10000,30000,4,4,8,uniform,1,0.0182353,8880128,593168,227600,4098120,4098120,0,27231,2769,2531,238,16,448,14758,True
1,1,10000,30000,4,4,2,uniform,1,0.0907864,18219008,413224,47656,12796208,12796208,0,20422,9578,6518,181,2,4408,18311,True
1,2,10000,30000,4,4,4,uniform,1,0.0725677,12533760,471752,106184,7598160,7598160,0,24510,5490,4500,238,2,3587,23596,True
1,3,10000,30000,4,4,0,uniform,1,0.0303045,45826048,365568,0,38400000,38400000,0,0,30000,0,0,2,0,0,True
1,4,10000,30000,4,4,8,uniform,1,0.0459316,8896512,593168,227600,4098120,4098120,0,27231,2769,2539,237,2,2232,26924,True
1,1,10000,30000,4,2,8,uniform,1,0.0148044,8830976,593168,227600,4098120,4098120,0,27231,2769,2534,239,16,465,15192,True
1,2,10000,30000,4,2,0,uniform,1,0.029615,45793280,365568,0,38400000,38400000,0,0,30000,0,0,16,0,0,True
1,3,10000,30000,4,2,4,uniform,1,0.0182348,12468224,471752,106184,7598160,7598160,0,24510,5490,4490,235,16,188,5319,True
1,4,10000,30000,4,2,2,uniform,1,0.0247919,18137088,413224,47656,12796208,12796208,0,20422,9578,6539,181,16,37,1056,True
1,1,10000,30000,4,2,8,uniform,1,0.0357063,8830976,593168,227600,4098120,4098120,0,27231,2769,2546,236,2,2245,26930,True
1,2,10000,30000,4,2,0,uniform,1,0.0300208,45793280,365568,0,38400000,38400000,0,0,30000,0,0,2,0,0,True
1,3,10000,30000,4,2,4,uniform,1,0.0566233,12484608,471752,106184,7598160,7598160,0,24510,5490,4506,236,2,3562,23565,True
1,4,10000,30000,4,2,2,uniform,1,0.0704212,18137088,413224,47656,12796208,12796208,0,20422,9578,6504,181,2,4378,18294,True
1,1,10000,30000,4,1,4,uniform,1,0.0162433,12419072,471752,106184,7598160,7598160,0,24510,5490,4490,236,2,0,0,True
1,2,10000,30000,4,1,8,uniform,1,0.0106012,8781824,593168,227600,4098120,4098120,0,27231,2769,2549,239,2,0,0,True
1,3,10000,30000,4,1,2,uniform,1,0.0244748,18071552,413224,47656,12796208,12796208,0,20422,9578,6527,181,2,0,0,True
1,4,10000,30000,4,1,0,uniform,1,0.0295202,45776896,365568,0,38400000,38400000,0,0,30000,0,0,2,0,0,True
1,1,10000,30000,4,1,4,uniform,1,0.016265,12419072,471752,106184,7598160,7598160,0,24510,5490,4503,234,16,0,0,True
1,2,10000,30000,4,1,8,uniform,1,0.0104645,8781824,593168,227600,4098120,4098120,0,27231,2769,2531,244,16,0,0,True
1,3,10000,30000,4,1,2,uniform,1,0.0242841,18071552,413224,47656,12796208,12796208,0,20422,9578,6541,163,16,0,0,True
1,4,10000,30000,4,1,0,uniform,1,0.0285405,45776896,365568,0,38400000,38400000,0,0,30000,0,0,16,0,0,True
1,1,10000,30000,4,4,2,hot,0,0.0949206,8667136,412608,47040,12802888,12802888,0,20417,9583,6797,14,2,4594,18138,True
1,2,10000,30000,4,4,4,hot,0,0.0752485,8667136,475080,109512,7654904,7654904,0,24469,5531,4707,17,2,3827,23550,True
1,3,10000,30000,4,4,0,hot,0,0.0237078,8601600,365568,0,38400000,38400000,0,0,30000,0,0,2,0,0,True
1,4,10000,30000,4,4,8,hot,0,0.0497985,8634368,592168,226600,4428160,4428160,0,27008,2992,2810,24,2,2524,26703,True
1,1,10000,30000,4,4,2,hot,0,0.0195655,8716288,412608,47040,12802888,12802888,0,20417,9583,6812,15,16,0,0,True
1,2,10000,30000,4,4,4,hot,0,0.0148076,8650752,475080,109512,7654904,7654904,0,24469,5531,4691,17,16,8,197,True
1,3,10000,30000,4,4,0,hot,0,0.0267804,8699904,365568,0,38400000,38400000,0,0,30000,0,0,16,0,0,True
1,4,10000,30000,4,4,8,hot,0,0.0103995,8634368,592168,226600,4428160,4428160,0,27008,2992,2821,24,16,63,2085,True
1,1,10000,30000,4,2,8,hot,0,0.036375,8634368,592168,226600,4428160,4428160,0,27008,2992,2841,22,2,2528,26673,True
1,2,10000,30000,4,2,0,hot,0,0.0234258,8634368,365568,0,38400000,38400000,0,0,30000,0,0,2,0,0,True
1,3,10000,30000,4,2,4,hot,0,0.0583873,8601600,475080,109512,7654904,7654904,0,24469,5531,4663,20,2,3799,23563,True
1,4,10000,30000,4,2,2,hot,0,0.072765,8650752,412608,47040,12802888,12802888,0,20417,9583,6760,12,2,4682,18266,True
1,1,10000,30000,4,2,8,hot,0,0.0103177,8601600,592168,226600,4428160,4428160,0,27008,2992,2831,22,16,73,2534,True
1,2,10000,30000,4,2,0,hot,0,0.0239972,8716288,365568,0,38400000,38400000,0,0,30000,0,0,16,0,0,True
1,3,10000,30000,4,2,4,hot,0,0.0150501,8667136,475080,109512,7654904,7654904,0,24469,5531,4641,17,16,5,125,True
1,4,10000,30000,4,2,2,hot,0,0.0201295,8601600,412608,47040,12802888,12802888,0,20417,9583,6749,12,16,0,0,True
1,1,10000,30000,4,1,4,hot,0,0.0140632,8634368,475080,109512,7654904,7654904,0,24469,5531,4724,17,16,0,0,True
1,2,10000,30000,4,1,8,hot,0,0.0102766,8650752,592168,226600,4428160,4428160,0,27008,2992,2841,22,16,0,0,True
1,3,10000,30000,4,1,2,hot,0,0.0204352,8634368,412608,47040,12802888,12802888,0,20417,9583,6830,14,16,0,0,True
1,4,10000,30000,4,1,0,hot,0,0.0245006,8667136,365568,0,38400000,38400000,0,0,30000,0,0,16,0,0,True
1,1,10000,30000,4,1,4,hot,0,0.0146635,8650752,475080,109512,7654904,7654904,0,24469,5531,4679,20,2,0,0,True
1,2,10000,30000,4,1,8,hot,0,0.00951629,8650752,592168,226600,4428160,4428160,0,27008,2992,2807,22,2,0,0,True
1,3,10000,30000,4,1,2,hot,0,0.0203771,8634368,412608,47040,12802888,12802888,0,20417,9583,6786,13,2,0,0,True
1,4,10000,30000,4,1,0,hot,0,0.0234768,8699904,365568,0,38400000,38400000,0,0,30000,0,0,2,0,0,True
1,1,10000,30000,4,1,8,hot,1,0.0103302,9142272,592168,226600,4428160,4428160,0,27008,2992,2831,22,2,0,0,True
1,2,10000,30000,4,1,0,hot,1,0.0274464,45776896,365568,0,38400000,38400000,0,0,30000,0,0,2,0,0,True
1,3,10000,30000,4,1,4,hot,1,0.015597,12484608,475080,109512,7654904,7654904,0,24469,5531,4653,18,2,0,0,True
1,4,10000,30000,4,1,2,hot,1,0.0213276,18071552,412608,47040,12802888,12802888,0,20417,9583,6793,15,2,0,0,True
1,1,10000,30000,4,1,8,hot,1,0.0107075,9142272,592168,226600,4428160,4428160,0,27008,2992,2820,23,16,0,0,True
1,2,10000,30000,4,1,0,hot,1,0.0272327,45776896,365568,0,38400000,38400000,0,0,30000,0,0,16,0,0,True
1,3,10000,30000,4,1,4,hot,1,0.0152324,12484608,475080,109512,7654904,7654904,0,24469,5531,4671,18,16,0,0,True
1,4,10000,30000,4,1,2,hot,1,0.0213906,18071552,412608,47040,12802888,12802888,0,20417,9583,6796,14,16,0,0,True
1,1,10000,30000,4,2,0,hot,1,0.0292389,45793280,365568,0,38400000,38400000,0,0,30000,0,0,16,0,0,True
1,2,10000,30000,4,2,2,hot,1,0.0207597,18087936,412608,47040,12802888,12802888,0,20417,9583,6779,14,16,0,0,True
1,3,10000,30000,4,2,8,hot,1,0.0113228,9191424,592168,226600,4428160,4428160,0,27008,2992,2812,22,16,81,2737,True
1,4,10000,30000,4,2,4,hot,1,0.0151164,12533760,475080,109512,7654904,7654904,0,24469,5531,4660,17,16,7,178,True
1,1,10000,30000,4,2,0,hot,1,0.0267562,45793280,365568,0,38400000,38400000,0,0,30000,0,0,2,0,0,True
1,2,10000,30000,4,2,2,hot,1,0.0732798,18153472,412608,47040,12802888,12802888,0,20417,9583,6767,14,2,4535,18116,True
1,3,10000,30000,4,2,8,hot,1,0.0395612,9191424,592168,226600,4428160,4428160,0,27008,2992,2820,24,2,2520,26691,True
1,4,10000,30000,4,2,4,hot,1,0.0579592,12533760,475080,109512,7654904,7654904,0,24469,5531,4691,18,2,3807,23531,True
1,1,10000,30000,4,4,4,hot,1,0.0153911,12615680,475080,109512,7654904,7654904,0,24469,5531,4676,17,16,5,134,True
1,2,10000,30000,4,4,8,hot,1,0.0117632,9256960,592168,226600,4428160,4428160,0,27008,2992,2820,22,16,76,2669,True
1,3,10000,30000,4,4,2,hot,1,0.0213232,18120704,412608,47040,12802888,12802888,0,20417,9583,6720,14,16,0,0,True
1,4,10000,30000,4,4,0,hot,1,0.0274363,45826048,365568,0,38400000,38400000,0,0,30000,0,0,16,0,0,True
1,1,10000,30000,4,4,4,hot,1,0.0782842,12599296,475080,109512,7654904,7654904,0,24469,5531,4733,18,2,3846,23537,True
1,2,10000,30000,4,4,8,hot,1,0.051334,9256960,592168,226600,4428160,4428160,0,27008,2992,2840,22,2,2531,26675,True
1,3,10000,30000,4,4,2,hot,1,0.0965276,18235392,412608,47040,12802888,12802888,0,20417,9583,6717,13,2,4550,18166,True
1,4,10000,30000,4,4,0,hot,1,0.0278462,45826048,365568,0,38400000,38400000,0,0,30000,0,0,2,0,0,True
1,1,10000,30000,4,1,8,zipfian,0,0.00944192,8650752,590568,225000,4068520,4068520,0,27251,2749,2578,81,16,0,0,True
1,2,10000,30000,4,1,0,zipfian,0,0.0249316,8683520,365568,0,38400000,38400000,0,0,30000,0,0,16,0,0,True
1,3,10000,30000,4,1,4,zipfian,0,0.0161798,8683520,469048,103480,7624456,7624456,0,24491,5509,4604,54,16,0,0,True
1,4,10000,30000,4,1,2,zipfian,0,0.0227098,8601600,411824,46256,12816248,12816248,0,20407,9593,6619,29,16,0,0,True
1,1,10000,30000,4,1,8,zipfian,0,0.0100057,8716288,590568,225000,4068520,4068520,0,27251,2749,2576,81,2,0,0,True
1,2,10000,30000,4,1,0,zipfian,0,0.0271815,8683520,365568,0,38400000,38400000,0,0,30000,0,0,2,0,0,True
1,3,10000,30000,4,1,4,zipfian,0,0.0150564,8617984,469048,103480,7624456,7624456,0,24491,5509,4559,54,2,0,0,True
1,4,10000,30000,4,1,2,zipfian,0,0.0235477,8683520,411824,46256,12816248,12816248,0,20407,9593,6582,29,2,0,0,True
1,1,10000,30000,4,2,0,zipfian,0,0.0256759,8634368,365568,0,38400000,38400000,0,0,30000,0,0,2,0,0,True
1,2,10000,30000,4,2,2,zipfian,0,0.0715084,8667136,411824,46256,12816248,12816248,0,20407,9593,6628,31,2,4493,18243,True
1,3,10000,30000,4,2,8,zipfian,0,0.0364078,8617984,590568,225000,4068520,4068520,0,27251,2749,2597,79,2,2359,27007,True
1,4,10000,30000,4,2,4,zipfian,0,0.0550505,8601600,469048,103480,7624456,7624456,0,24491,5509,4547,54,2,3651,23576,True
1,1,10000,30000,4,2,0,zipfian,0,0.0251512,8683520,365568,0,38400000,38400000,0,0,30000,0,0,16,0,0,True
1,2,10000,30000,4,2,2,zipfian,0,0.0217561,8601600,411824,46256,12816248,12816248,0,20407,9593,6622,31,16,13,276,True
1,3,10000,30000,4,2,8,zipfian,0,0.0149023,8650752,590568,225000,4068520,4068520,0,27251,2749,2592,69,16,476,13115,True
1,4,10000,30000,4,2,4,zipfian,0,0.0175175,8650752,469048,103480,7624456,7624456,0,24491,5509,4535,54,16,177,3942,True
1,1,10000,30000,4,4,4,zipfian,0,0.0751919,8699904,469048,103480,7624456,7624456,0,24491,5509,4579,54,2,3687,23578,True
1,2,10000,30000,4,4,8,zipfian,0,0.0464507,8683520,590568,225000,4068520,4068520,0,27251,2749,2572,73,2,2295,26971,True
1,3,10000,30000,4,4,2,zipfian,0,0.091552,8667136,411824,46256,12816248,12816248,0,20407,9593,6551,31,2,4470,18295,True
1,4,10000,30000,4,4,0,zipfian,0,0.0267262,8683520,365568,0,38400000,38400000,0,0,30000,0,0,2,0,0,True
1,1,10000,30000,4,4,4,zipfian,0,0.01781,8601600,469048,103480,7624456,7624456,0,24491,5509,4540,54,16,171,3918,True
1,2,10000,30000,4,4,8,zipfian,0,0.0163642,8667136,590568,225000,4068520,4068520,0,27251,2749,2581,81,16,484,13543,True
1,3,10000,30000,4,4,2,zipfian,0,0.0230002,8601600,411824,46256,12816248,12816248,0,20407,9593,6648,31,16,13,277,True
1,4,10000,30000,4,4,0,zipfian,0,0.0255709,8699904,365568,0,38400000,38400000,0,0,30000,0,0,16,0,0,True
1,1,10000,30000,4,4,8,zipfian,1,0.0171045,9043968,590568,225000,4068520,4068520,0,27251,2749,2597,86,16,481,13479,True
1,2,10000,30000,4,4,0,zipfian,1,0.0286207,46006272,365568,0,38400000,38400000,0,0,30000,0,0,16,0,0,True
1,3,10000,30000,4,4,4,zipfian,1,0.0187848,12713984,469048,103480,7624456,7624456,0,24491,5509,4551,54,16,170,3827,True
1,4,10000,30000,4,4,2,zipfian,1,0.0233798,18432000,411824,46256,12816248,12816248,0,20407,9593,6619,29,16,17,323,True
1,1,10000,30000,4,4,8,zipfian,1,0.0474498,9027584,590568,225000,4068520,4068520,0,27251,2749,2605,81,2,2356,26999,True
1,2,10000,30000,4,4,0,zipfian,1,0.0290988,46006272,365568,0,38400000,38400000,0,0,30000,0,0,2,0,0,True
1,3,10000,30000,4,4,4,zipfian,1,0.0754235,12713984,469048,103480,7624456,7624456,0,24491,5509,4577,54,2,3687,23582,True
1,4,10000,30000,4,4,2,zipfian,1,0.0917917,18399232,411824,46256,12816248,12816248,0,20407,9593,6596,29,2,4480,18269,True
1,1,10000,30000,4,2,2,zipfian,1,0.0244344,18300928,411824,46256,12816248,12816248,0,20407,9593,6632,29,16,16,327,True
1,2,10000,30000,4,2,4,zipfian,1,0.0173379,12664832,469048,103480,7624456,7624456,0,24491,5509,4570,54,16,142,3196,True
1,3,10000,30000,4,2,0,zipfian,1,0.0290154,45973504,365568,0,38400000,38400000,0,0,30000,0,0,16,0,0,True
1,4,10000,30000,4,2,8,zipfian,1,0.0151753,8978432,590568,225000,4068520,4068520,0,27251,2749,2563,81,16,488,13577,True
1,1,10000,30000,4,2,2,zipfian,1,0.0713008,18317312,411824,46256,12816248,12816248,0,20407,9593,6623,29,2,4472,18236,True
1,2,10000,30000,4,2,4,zipfian,1,0.0567282,12664832,469048,103480,7624456,7624456,0,24491,5509,4581,54,2,3753,23646,True
1,3,10000,30000,4,2,0,zipfian,1,0.0290547,45973504,365568,0,38400000,38400000,0,0,30000,0,0,2,0,0,True
1,4,10000,30000,4,2,8,zipfian,1,0.0394185,8978432,590568,225000,4068520,4068520,0,27251,2749,2565,81,2,2301,26984,True
1,1,10000,30000,4,1,0,zipfian,1,0.039208,45957120,365568,0,38400000,38400000,0,0,30000,0,0,2,0,0,True
1,2,10000,30000,4,1,2,zipfian,1,0.0297955,18268160,411824,46256,12816248,12816248,0,20407,9593,6560,33,2,0,0,True
1,3,10000,30000,4,1,8,zipfian,1,0.0138702,8929280,590568,225000,4068520,4068520,0,27251,2749,2586,81,2,0,0,True
1,4,10000,30000,4,1,4,zipfian,1,0.0229248,12615680,469048,103480,7624456,7624456,0,24491,5509,4541,54,2,0,0,True
1,1,10000,30000,4,1,0,zipfian,1,0.0380055,45957120,365568,0,38400000,38400000,0,0,30000,0,0,16,0,0,True
1,2,10000,30000,4,1,2,zipfian,1,0.0307365,18268160,411824,46256,12816248,12816248,0,20407,9593,6671,31,16,0,0,True
1,3,10000,30000,4,1,8,zipfian,1,0.0130829,8929280,590568,225000,4068520,4068520,0,27251,2749,2594,81,16,0,0,True
1,4,10000,30000,4,1,4,zipfian,1,0.0184559,12615680,469048,103480,7624456,7624456,0,24491,5509,4555,54,16,0,0,True
2,1,10000,30000,4,4,2,uniform,0,0.0325914,8601600,413224,47656,12796208,12796208,0,20422,9578,6507,181,16,28,881,True
2,2,10000,30000,4,4,4,uniform,0,0.0258302,8634368,471752,106184,7598160,7598160,0,24510,5490,4510,232,16,177,5107,True
2,3,10000,30000,4,4,0,uniform,0,0.0272911,8650752,365568,0,38400000,38400000,0,0,30000,0,0,16,0,0,True
2,4,10000,30000,4,4,8,uniform,0,0.0214632,8601600,593168,227600,4098120,4098120,0,27231,2769,2543,236,16,421,14553,True
2,1,10000,30000,4,4,2,uniform,0,0.108465,8601600,413224,47656,12796208,12796208,0,20422,9578,6578,181,2,4401,18244,True
2,2,10000,30000,4,4,4,uniform,0,0.0914692,8601600,471752,106184,7598160,7598160,0,24510,5490,4520,229,2,3616,23604,True
2,3,10000,30000,4,4,0,uniform,0,0.0366158,8634368,365568,0,38400000,38400000,0,0,30000,0,0,2,0,0,True
2,4,10000,30000,4,4,8,uniform,0,0.053408,8601600,593168,227600,4098120,4098120,0,27231,2769,2532,237,2,2224,26922,True
2,1,10000,30000,4,2,8,uniform,0,0.018201,8601600,593168,227600,4098120,4098120,0,27231,2769,2529,240,16,459,15392,True
2,2,10000,30000,4,2,0,uniform,0,0.0355727,8601600,365568,0,38400000,38400000,0,0,30000,0,0,16,0,0,True
2,3,10000,30000,4,2,4,uniform,0,0.0227548,8601600,471752,106184,7598160,7598160,0,24510,5490,4516,237,16,186,5332,True
2,4,10000,30000,4,2,2,uniform,0,0.0310814,8601600,413224,47656,12796208,12796208,0,20422,9578,6557,181,16,31,955,True
2,1,10000,30000,4,2,8,uniform,0,0.0424564,8601600,593168,227600,4098120,4098120,0,27231,2769,2531,237,2,2232,26932,True
2,2,10000,30000,4,2,0,uniform,0,0.0349462,8617984,365568,0,38400000,38400000,0,0,30000,0,0,2,0,0,True
2,3,10000,30000,4,2,4,uniform,0,0.0631417,8601600,471752,106184,7598160,7598160,0,24510,5490,4507,232,2,3569,23572,True
2,4,10000,30000,4,2,2,uniform,0,0.0669172,8601600,413224,47656,12796208,12796208,0,20422,9578,6531,181,2,4411,18300,True
2,1,10000,30000,4,1,4,uniform,0,0.019366,8650752,471752,106184,7598160,7598160,0,24510,5490,4469,227,2,0,0,True
2,2,10000,30000,4,1,8,uniform,0,0.0122265,8699904,593168,227600,4098120,4098120,0,27231,2769,2535,238,2,0,0,True
2,3,10000,30000,4,1,2,uniform,0,0.0235979,8601600,413224,47656,12796208,12796208,0,20422,9578,6543,181,2,0,0,True
2,4,10000,30000,4,1,0,uniform,0,0.0273129,8634368,365568,0,38400000,38400000,0,0,30000,0,0,2,0,0,True
2,1,10000,30000,4,1,4,uniform,0,0.0169952,8650752,471752,106184,7598160,7598160,0,24510,5490,4471,228,16,0,0,True
2,2,10000,30000,4,1,8,uniform,0,0.010314,8617984,593168,227600,4098120,4098120,0,27231,2769,2543,238,16,0,0,True
2,3,10000,30000,4,1,2,uniform,0,0.0263531,8634368,413224,47656,12796208,12796208,0,20422,9578,6585,131,16,0,0,True
2,4,10000,30000,4,1,0,uniform,0,0.0284204,8699904,365568,0,38400000,38400000,0,0,30000,0,0,16,0,0,True
2,1,10000,30000,4,1,8,uniform,1,0.0109171,8781824,593168,227600,4098120,4098120,0,27231,2769,2547,235,16,0,0,True
2,2,10000,30000,4,1,0,uniform,1,0.029567,45776896,365568,0,38400000,38400000,0,0,30000,0,0,16,0,0,True
2,3,10000,30000,4,1,4,uniform,1,0.0165547,12419072,471752,106184,7598160,7598160,0,24510,5490,4496,235,16,0,0,True
2,4,10000,30000,4,1,2,uniform,1,0.0240508,18071552,413224,47656,12796208,12796208,0,20422,9578,6517,181,16,0,0,True
2,1,10000,30000,4,1,8,uniform,1,0.0108567,8781824,593168,227600,4098120,4098120,0,27231,2769,2525,238,2,0,0,True
2,2,10000,30000,4,1,0,uniform,1,0.0291431,45776896,365568,0,38400000,38400000,0,0,30000,0,0,2,0,0,True
2,3,10000,30000,4,1,4,uniform,1,0.0163352,12419072,471752,106184,7598160,7598160,0,24510,5490,4521,233,2,0,0,True
2,4,10000,30000,4,1,2,uniform,1,0.0247385,18071552,413224,47656,12796208,12796208,0,20422,9578,6571,125,2,0,0,True
2,1,10000,30000,4,2,0,uniform,1,0.0296348,45793280,365568,0,38400000,38400000,0,0,30000,0,0,2,0,0,True
2,2,10000,30000,4,2,2,uniform,1,0.0714775,18120704,413224,47656,12796208,12796208,0,20422,9578,6576,181,2,4431,18276,True
2,3,10000,30000,4,2,8,uniform,1,0.0354776,8830976,593168,227600,4098120,4098120,0,27231,2769,2511,236,2,2234,26954,True
2,4,10000,30000,4,2,4,uniform,1,0.0563247,12484608,471752,106184,7598160,7598160,0,24510,5490,4462,229,2,3566,23614,True
2,1,10000,30000,4,2,0,uniform,1,0.0291554,45793280,365568,0,38400000,38400000,0,0,30000,0,0,16,0,0,True
2,2,10000,30000,4,2,2,uniform,1,0.0253488,18137088,413224,47656,12796208,12796208,0,20422,9578,6583,181,16,32,987,True
2,3,10000,30000,4,2,8,uniform,1,0.015168,8847360,593168,227600,4098120,4098120,0,27231,2769,2527,236,16,451,15019,True
2,4,10000,30000,4,2,4,uniform,1,0.0189219,12468224,471752,106184,7598160,7598160,0,24510,5490,4526,242,16,182,5232,True
2,1,10000,30000,4,4,4,uniform,1,0.0732547,12533760,471752,106184,7598160,7598160,0,24510,5490,4508,239,2,3571,23572,True
2,2,10000,30000,4,4,8,uniform,1,0.0448083,8880128,593168,227600,4098120,4098120,0,27231,2769,2532,239,2,2225,26924,True
2,3,10000,30000,4,4,2,uniform,1,0.0928642,18219008,413224,47656,12796208,12796208,0,20422,9578,6568,181,2,4388,18242,True
2,4,10000,30000,4,4,0,uniform,1,0.0310038,45826048,365568,0,38400000,38400000,0,0,30000,0,0,2,0,0,True
2,1,10000,30000,4,4,4,uniform,1,0.020232,12517376,471752,106184,7598160,7598160,0,24510,5490,4476,231,16,194,5480,True
2,2,10000,30000,4,4,8,uniform,1,0.017264,8912896,593168,227600,4098120,4098120,0,27231,2769,2528,235,16,444,14920,True
2,3,10000,30000,4,4,2,uniform,1,0.0250877,18186240,413224,47656,12796208,12796208,0,20422,9578,6527,177,16,29,907,True
2,4,10000,30000,4,4,0,uniform,1,0.0305525,45826048,365568,0,38400000,38400000,0,0,30000,0,0,16,0,0,True
2,1,10000,30000,4,1,8,hot,0,0.00931896,8699904,592168,226600,4428160,4428160,0,27008,2992,2784,22,2,0,0,True
2,2,10000,30000,4,1,0,hot,0,0.0231798,8716288,365568,0,38400000,38400000,0,0,30000,0,0,2,0,0,True
2,3,10000,30000,4,1,4,hot,0,0.0143976,8601600,475080,109512,7654904,7654904,0,24469,5531,4635,17,2,0,0,True
2,4,10000,30000,4,1,2,hot,0,0.0203245,8716288,412608,47040,12802888,12802888,0,20417,9583,6792,14,2,0,0,True
2,1,10000,30000,4,1,8,hot,0,0.00965167,8634368,592168,226600,4428160,4428160,0,27008,2992,2812,24,16,0,0,True
2,2,10000,30000,4,1,0,hot,0,0.0229629,8601600,365568,0,38400000,38400000,0,0,30000,0,0,16,0,0,True
2,3,10000,30000,4,1,4,hot,0,0.0171511,8716288,475080,109512,7654904,7654904,0,24469,5531,4670,17,16,0,0,True
2,4,10000,30000,4,1,2,hot,0,0.0243572,8601600,412608,47040,12802888,12802888,0,20417,9583,6792,14,16,0,0,True
2,1,10000,30000,4,2,0,hot,0,0.0300337,8601600,365568,0,38400000,38400000,0,0,30000,0,0,16,0,0,True
2,2,10000,30000,4,2,2,hot,0,0.0267979,8601600,412608,47040,12802888,12802888,0,20417,9583,6726,16,16,1,17,True
2,3,10000,30000,4,2,8,hot,0,0.0142624,8650752,592168,226600,4428160,4428160,0,27008,2992,2792,23,16,94,3253,True
2,4,10000,30000,4,2,4,hot,0,0.0191285,8634368,475080,109512,7654904,7654904,0,24469,5531,4673,17,16,3,76,True
2,1,10000,30000,4,2,0,hot,0,0.0306268,8601600,365568,0,38400000,38400000,0,0,30000,0,0,2,0,0,True
2,2,10000,30000,4,2,2,hot,0,0.0702702,8601600,412608,47040,12802888,12802888,0,20417,9583,6766,14,2,4632,18200,True
2,3,10000,30000,4,2,8,hot,0,0.0365337,8617984,592168,226600,4428160,4428160,0,27008,2992,2788,22,2,2504,26706,True
2,4,10000,30000,4,2,4,hot,0,0.0631709,8617984,475080,109512,7654904,7654904,0,24469,5531,4722,20,2,3822,23539,True
2,1,10000,30000,4,4,4,hot,0,0.0183948,8601600,475080,109512,7654904,7654904,0,24469,5531,4663,20,16,8,219,True
2,2,10000,30000,4,4,8,hot,0,0.0142966,8601600,592168,226600,4428160,4428160,0,27008,2992,2803,22,16,87,2969,True
2,3,10000,30000,4,4,2,hot,0,0.0251329,8716288,412608,47040,12802888,12802888,0,20417,9583,6810,14,16,0,0,True
2,4,10000,30000,4,4,0,hot,0,0.0312209,8699904,365568,0,38400000,38400000,0,0,30000,0,0,16,0,0,True
2,1,10000,30000,4,4,4,hot,0,0.090359,8601600,475080,109512,7654904,7654904,0,24469,5531,4685,17,2,3825,23560,True
2,2,10000,30000,4,4,8,hot,0,0.0597915,8601600,592168,226600,4428160,4428160,0,27008,2992,2772,23,2,2504,26727,True
2,3,10000,30000,4,4,2,hot,0,0.112863,8683520,412608,47040,12802888,12802888,0,20417,9583,6770,15,2,4598,18178,True
2,4,10000,30000,4,4,0,hot,0,0.031008,8634368,365568,0,38400000,38400000,0,0,30000,0,0,2,0,0,True
2,1,10000,30000,4,4,8,hot,1,0.0591834,9256960,592168,226600,4428160,4428160,0,27008,2992,2826,24,2,2532,26696,True
2,2,10000,30000,4,4,0,hot,1,0.0295736,45826048,365568,0,38400000,38400000,0,0,30000,0,0,2,0,0,True
2,3,10000,30000,4,4,4,hot,1,0.0783244,12582912,475080,109512,7654904,7654904,0,24469,5531,4697,18,2,3807,23534,True
2,4,10000,30000,4,4,2,hot,1,0.0967573,18202624,412608,47040,12802888,12802888,0,20417,9583,6732,13,2,4571,18172,True
2,1,10000,30000,4,4,8,hot,1,0.0116747,9256960,592168,226600,4428160,4428160,0,27008,2992,2780,25,16,85,3025,True
2,2,10000,30000,4,4,0,hot,1,0.0277738,45826048,365568,0,38400000,38400000,0,0,30000,0,0,16,0,0,True
2,3,10000,30000,4,4,4,hot,1,0.0151801,12615680,475080,109512,7654904,7654904,0,24469,5531,4612,19,16,7,173,True
2,4,10000,30000,4,4,2,hot,1,0.0221394,18120704,412608,47040,12802888,12802888,0,20417,9583,6788,13,16,0,0,True
2,1,10000,30000,4,2,2,hot,1,0.0736361,18137088,412608,47040,12802888,12802888,0,20417,9583,6715,12,2,4628,18245,True
2,2,10000,30000,4,2,4,hot,1,0.0574016,12517376,475080,109512,7654904,7654904,0,24469,5531,4658,18,2,3792,23563,True
2,3,10000,30000,4,2,0,hot,1,0.0273196,45793280,365568,0,38400000,38400000,0,0,30000,0,0,2,0,0,True
2,4,10000,30000,4,2,8,hot,1,0.038884,9175040,592168,226600,4428160,4428160,0,27008,2992,2804,25,2,2503,26684,True
2,1,10000,30000,4,2,2,hot,1,0.0218745,18087936,412608,47040,12802888,12802888,0,20417,9583,6765,14,16,0,0,True
2,2,10000,30000,4,2,4,hot,1,0.0153231,12533760,475080,109512,7654904,7654904,0,24469,5531,4670,18,16,7,203,True
2,3,10000,30000,4,2,0,hot,1,0.0273359,45793280,365568,0,38400000,38400000,0,0,30000,0,0,16,0,0,True
2,4,10000,30000,4,2,8,hot,1,0.0110949,9191424,592168,226600,4428160,4428160,0,27008,2992,2778,26,16,86,3017,True
2,1,10000,30000,4,1,0,hot,1,0.0270492,45776896,365568,0,38400000,38400000,0,0,30000,0,0,16,0,0,True
2,2,10000,30000,4,1,2,hot,1,0.0221391,18071552,412608,47040,12802888,12802888,0,20417,9583,6802,13,16,0,0,True
2,3,10000,30000,4,1,8,hot,1,0.0108713,9142272,592168,226600,4428160,4428160,0,27008,2992,2833,22,16,0,0,True
2,4,10000,30000,4,1,4,hot,1,0.0156412,12484608,475080,109512,7654904,7654904,0,24469,5531,4626,18,16,0,0,True
2,1,10000,30000,4,1,0,hot,1,0.0274067,45776896,365568,0,38400000,38400000,0,0,30000,0,0,2,0,0,True
2,2,10000,30000,4,1,2,hot,1,0.0221432,18071552,412608,47040,12802888,12802888,0,20417,9583,6742,15,2,0,0,True
2,3,10000,30000,4,1,8,hot,1,0.0103132,9142272,592168,226600,4428160,4428160,0,27008,2992,2788,22,2,0,0,True
2,4,10000,30000,4,1,4,hot,1,0.0154886,12484608,475080,109512,7654904,7654904,0,24469,5531,4606,17,2,0,0,True
2,1,10000,30000,4,4,8,zipfian,0,0.0168163,8732672,590568,225000,4068520,4068520,0,27251,2749,2589,70,16,472,13397,True
2,2,10000,30000,4,4,0,zipfian,0,0.0260999,8667136,365568,0,38400000,38400000,0,0,30000,0,0,16,0,0,True
2,3,10000,30000,4,4,4,zipfian,0,0.017848,8765440,469048,103480,7624456,7624456,0,24491,5509,4545,54,16,157,3473,True
2,4,10000,30000,4,4,2,zipfian,0,0.0230385,8601600,411824,46256,12816248,12816248,0,20407,9593,6632,31,16,16,334,True
2,1,10000,30000,4,4,8,zipfian,0,0.046321,8699904,590568,225000,4068520,4068520,0,27251,2749,2578,84,2,2298,26965,True
2,2,10000,30000,4,4,0,zipfian,0,0.0266452,8683520,365568,0,38400000,38400000,0,0,30000,0,0,2,0,0,True
2,3,10000,30000,4,4,4,zipfian,0,0.0723705,8683520,469048,103480,7624456,7624456,0,24491,5509,4541,54,2,3686,23627,True
2,4,10000,30000,4,4,2,zipfian,0,0.0920431,8699904,411824,46256,12816248,12816248,0,20407,9593,6571,31,2,4439,18248,True
2,1,10000,30000,4,2,2,zipfian,0,0.0242804,8683520,411824,46256,12816248,12816248,0,20407,9593,6584,31,16,17,353,True
2,2,10000,30000,4,2,4,zipfian,0,0.0173571,8601600,469048,103480,7624456,7624456,0,24491,5509,4586,54,16,165,3687,True
2,3,10000,30000,4,2,0,zipfian,0,0.0259827,8601600,365568,0,38400000,38400000,0,0,30000,0,0,16,0,0,True
2,4,10000,30000,4,2,8,zipfian,0,0.0146502,8601600,590568,225000,4068520,4068520,0,27251,2749,2579,75,16,499,13524,True
2,1,10000,30000,4,2,2,zipfian,0,0.0670095,8601600,411824,46256,12816248,12816248,0,20407,9593,6628,29,2,4457,18212,True
2,2,10000,30000,4,2,4,zipfian,0,0.056825,8634368,469048,103480,7624456,7624456,0,24491,5509,4579,54,2,3696,23592,True
2,3,10000,30000,4,2,0,zipfian,0,0.0259634,8667136,365568,0,38400000,38400000,0,0,30000,0,0,2,0,0,True
2,4,10000,30000,4,2,8,zipfian,0,0.0354679,8601600,590568,225000,4068520,4068520,0,27251,2749,2591,83,2,2340,26995,True
2,1,10000,30000,4,1,0,zipfian,0,0.026306,8601600,365568,0,38400000,38400000,0,0,30000,0,0,2,0,0,True
2,2,10000,30000,4,1,2,zipfian,0,0.0222482,8683520,411824,46256,12816248,12816248,0,20407,9593,6638,29,2,0,0,True
2,3,10000,30000,4,1,8,zipfian,0,0.0101435,8634368,590568,225000,4068520,4068520,0,27251,2749,2590,81,2,0,0,True
2,4,10000,30000,4,1,4,zipfian,0,0.0148261,8683520,469048,103480,7624456,7624456,0,24491,5509,4590,54,2,0,0,True
2,1,10000,30000,4,1,0,zipfian,0,0.0262677,8683520,365568,0,38400000,38400000,0,0,30000,0,0,16,0,0,True
2,2,10000,30000,4,1,2,zipfian,0,0.022192,8601600,411824,46256,12816248,12816248,0,20407,9593,6624,31,16,0,0,True
2,3,10000,30000,4,1,8,zipfian,0,0.00993963,8634368,590568,225000,4068520,4068520,0,27251,2749,2601,81,16,0,0,True
2,4,10000,30000,4,1,4,zipfian,0,0.0157668,8683520,469048,103480,7624456,7624456,0,24491,5509,4568,54,16,0,0,True
2,1,10000,30000,4,1,2,zipfian,1,0.0228595,18268160,411824,46256,12816248,12816248,0,20407,9593,6563,29,16,0,0,True
2,2,10000,30000,4,1,4,zipfian,1,0.016414,12615680,469048,103480,7624456,7624456,0,24491,5509,4550,54,16,0,0,True
2,3,10000,30000,4,1,0,zipfian,1,0.0299379,45957120,365568,0,38400000,38400000,0,0,30000,0,0,16,0,0,True
2,4,10000,30000,4,1,8,zipfian,1,0.0101377,8929280,590568,225000,4068520,4068520,0,27251,2749,2579,81,16,0,0,True
2,1,10000,30000,4,1,2,zipfian,1,0.0239049,18268160,411824,46256,12816248,12816248,0,20407,9593,6590,31,2,0,0,True
2,2,10000,30000,4,1,4,zipfian,1,0.0155547,12615680,469048,103480,7624456,7624456,0,24491,5509,4553,54,2,0,0,True
2,3,10000,30000,4,1,0,zipfian,1,0.029022,45957120,365568,0,38400000,38400000,0,0,30000,0,0,2,0,0,True
2,4,10000,30000,4,1,8,zipfian,1,0.0106451,8929280,590568,225000,4068520,4068520,0,27251,2749,2576,81,2,0,0,True
2,1,10000,30000,4,2,4,zipfian,1,0.0576869,12664832,469048,103480,7624456,7624456,0,24491,5509,4583,40,2,3681,23574,True
2,2,10000,30000,4,2,8,zipfian,1,0.0357649,8978432,590568,225000,4068520,4068520,0,27251,2749,2584,81,2,2329,26985,True
2,3,10000,30000,4,2,2,zipfian,1,0.0707519,18317312,411824,46256,12816248,12816248,0,20407,9593,6564,29,2,4456,18276,True
2,4,10000,30000,4,2,0,zipfian,1,0.0289094,45973504,365568,0,38400000,38400000,0,0,30000,0,0,2,0,0,True
2,1,10000,30000,4,2,4,zipfian,1,0.0186184,12664832,469048,103480,7624456,7624456,0,24491,5509,4554,54,16,162,3631,True
2,2,10000,30000,4,2,8,zipfian,1,0.0146755,8962048,590568,225000,4068520,4068520,0,27251,2749,2577,81,16,475,13353,True
2,3,10000,30000,4,2,2,zipfian,1,0.0240516,18317312,411824,46256,12816248,12816248,0,20407,9593,6552,29,16,18,357,True
2,4,10000,30000,4,2,0,zipfian,1,0.029507,45973504,365568,0,38400000,38400000,0,0,30000,0,0,16,0,0,True
2,1,10000,30000,4,4,0,zipfian,1,0.0279502,46006272,365568,0,38400000,38400000,0,0,30000,0,0,2,0,0,True
2,2,10000,30000,4,4,2,zipfian,1,0.0934164,18399232,411824,46256,12816248,12816248,0,20407,9593,6558,29,2,4407,18223,True
2,3,10000,30000,4,4,8,zipfian,1,0.0450576,9043968,590568,225000,4068520,4068520,0,27251,2749,2604,81,2,2344,26984,True
2,4,10000,30000,4,4,4,zipfian,1,0.0761675,12730368,469048,103480,7624456,7624456,0,24491,5509,4558,54,2,3710,23626,True
2,1,10000,30000,4,4,0,zipfian,1,0.0278657,46006272,365568,0,38400000,38400000,0,0,30000,0,0,16,0,0,True
2,2,10000,30000,4,4,2,zipfian,1,0.0240936,18382848,411824,46256,12816248,12816248,0,20407,9593,6577,29,16,16,323,True
2,3,10000,30000,4,4,8,zipfian,1,0.0168917,9043968,590568,225000,4068520,4068520,0,27251,2749,2600,81,16,496,13398,True
2,4,10000,30000,4,4,4,zipfian,1,0.0189987,12779520,469048,103480,7624456,7624456,0,24491,5509,4598,54,16,155,3470,True
3,1,10000,30000,4,1,8,uniform,0,0.0101992,8650752,593168,227600,4098120,4098120,0,27231,2769,2531,239,16,0,0,True
3,2,10000,30000,4,1,0,uniform,0,0.0261422,8699904,365568,0,38400000,38400000,0,0,30000,0,0,16,0,0,True
3,3,10000,30000,4,1,4,uniform,0,0.0157593,8667136,471752,106184,7598160,7598160,0,24510,5490,4505,239,16,0,0,True
3,4,10000,30000,4,1,2,uniform,0,0.0240222,8617984,413224,47656,12796208,12796208,0,20422,9578,6531,148,16,0,0,True
3,1,10000,30000,4,1,8,uniform,0,0.0103875,8601600,593168,227600,4098120,4098120,0,27231,2769,2518,232,2,0,0,True
3,2,10000,30000,4,1,0,uniform,0,0.0255362,8699904,365568,0,38400000,38400000,0,0,30000,0,0,2,0,0,True
3,3,10000,30000,4,1,4,uniform,0,0.0157527,8667136,471752,106184,7598160,7598160,0,24510,5490,4526,215,2,0,0,True
3,4,10000,30000,4,1,2,uniform,0,0.0242561,8601600,413224,47656,12796208,12796208,0,20422,9578,6539,181,2,0,0,True
3,1,10000,30000,4,2,0,uniform,0,0.027049,8634368,365568,0,38400000,38400000,0,0,30000,0,0,2,0,0,True
3,2,10000,30000,4,2,2,uniform,0,0.0698131,8601600,413224,47656,12796208,12796208,0,20422,9578,6602,181,2,4427,18244,True
3,3,10000,30000,4,2,8,uniform,0,0.0346554,8716288,593168,227600,4098120,4098120,0,27231,2769,2545,240,2,2234,26920,True
3,4,10000,30000,4,2,4,uniform,0,0.0560853,8601600,471752,106184,7598160,7598160,0,24510,5490,4484,234,2,3600,23625,True
3,1,10000,30000,4,2,0,uniform,0,0.0275197,8699904,365568,0,38400000,38400000,0,0,30000,0,0,16,0,0,True
3,2,10000,30000,4,2,2,uniform,0,0.0231808,8601600,413224,47656,12796208,12796208,0,20422,9578,6540,181,16,33,969,True
3,3,10000,30000,4,2,8,uniform,0,0.0151293,8601600,593168,227600,4098120,4098120,0,27231,2769,2529,235,16,456,15122,True
3,4,10000,30000,4,2,4,uniform,0,0.0183572,8601600,471752,106184,7598160,7598160,0,24510,5490,4490,234,16,192,5266,True
3,1,10000,30000,4,4,4,uniform,0,0.0718858,8601600,471752,106184,7598160,7598160,0,24510,5490,4472,233,2,3575,23613,True
3,2,10000,30000,4,4,8,uniform,0,0.0443623,8601600,593168,227600,4098120,4098120,0,27231,2769,2548,239,2,2241,26924,True
3,3,10000,30000,4,4,2,uniform,0,0.0901975,8601600,413224,47656,12796208,12796208,0,20422,9578,6536,181,2,4399,18283,True
3,4,10000,30000,4,4,0,uniform,0,0.0270937,8699904,365568,0,38400000,38400000,0,0,30000,0,0,2,0,0,True
3,1,10000,30000,4,4,4,uniform,0,0.0201045,8699904,471752,106184,7598160,7598160,0,24510,5490,4512,237,16,175,5131,True
3,2,10000,30000,4,4,8,uniform,0,0.0172084,8716288,593168,227600,4098120,4098120,0,27231,2769,2544,238,16,446,14864,True
3,3,10000,30000,4,4,2,uniform,0,0.0233543,8683520,413224,47656,12796208,12796208,0,20422,9578,6511,181,16,31,981,True
3,4,10000,30000,4,4,0,uniform,0,0.027922,8716288,365568,0,38400000,38400000,0,0,30000,0,0,16,0,0,True
3,1,10000,30000,4,4,8,uniform,1,0.017395,8896512,593168,227600,4098120,4098120,0,27231,2769,2537,239,16,444,14870,True
3,2,10000,30000,4,4,0,uniform,1,0.0301929,45826048,365568,0,38400000,38400000,0,0,30000,0,0,16,0,0,True
3,3,10000,30000,4,4,4,uniform,1,0.0208623,12517376,471752,106184,7598160,7598160,0,24510,5490,4458,233,16,188,5314,True
3,4,10000,30000,4,4,2,uniform,1,0.025125,18219008,413224,47656,12796208,12796208,0,20422,9578,6540,181,16,34,994,True
3,1,10000,30000,4,4,8,uniform,1,0.0460419,8896512,593168,227600,4098120,4098120,0,27231,2769,2538,236,2,2235,26928,True
3,2,10000,30000,4,4,0,uniform,1,0.0296911,45826048,365568,0,38400000,38400000,0,0,30000,0,0,2,0,0,True
3,3,10000,30000,4,4,4,uniform,1,0.0736247,12533760,471752,106184,7598160,7598160,0,24510,5490,4514,237,2,3626,23622,True
3,4,10000,30000,4,4,2,uniform,1,0.0923164,18202624,413224,47656,12796208,12796208,0,20422,9578,6577,181,2,4415,18258,True
3,1,10000,30000,4,2,2,uniform,1,0.0241941,18120704,413224,47656,12796208,12796208,0,20422,9578,6574,181,16,26,873,True
3,2,10000,30000,4,2,4,uniform,1,0.0186989,12468224,471752,106184,7598160,7598160,0,24510,5490,4513,232,16,186,5342,True
3,3,10000,30000,4,2,0,uniform,1,0.0298319,45793280,365568,0,38400000,38400000,0,0,30000,0,0,16,0,0,True
3,4,10000,30000,4,2,8,uniform,1,0.0148205,8830976,593168,227600,4098120,4098120,0,27231,2769,2549,239,16,418,14456,True
3,1,10000,30000,4,2,2,uniform,1,0.0708047,18137088,413224,47656,12796208,12796208,0,20422,9578,6556,181,2,4373,18239,True
3,2,10000,30000,4,2,4,uniform,1,0.0561948,12468224,471752,106184,7598160,7598160,0,24510,5490,4529,237,2,3590,23570,True
3,3,10000,30000,4,2,0,uniform,1,0.0307785,45793280,365568,0,38400000,38400000,0,0,30000,0,0,2,0,0,True
3,4,10000,30000,4,2,8,uniform,1,0.0357957,8830976,593168,227600,4098120,4098120,0,27231,2769,2516,235,2,2219,26934,True
3,1,10000,30000,4,1,0,uniform,1,0.0303385,45776896,365568,0,38400000,38400000,0,0,30000,0,0,2,0,0,True
3,2,10000,30000,4,1,2,uniform,1,0.0236973,18071552,413224,47656,12796208,12796208,0,20422,9578,6502,140,2,0,0,True
3,3,10000,30000,4,1,8,uniform,1,0.0103288,8781824,593168,227600,4098120,4098120,0,27231,2769,2552,238,2,0,0,True
3,4,10000,30000,4,1,4,uniform,1,0.016899,12419072,471752,106184,7598160,7598160,0,24510,5490,4500,236,2,0,0,True
3,1,10000,30000,4,1,0,uniform,1,0.0295431,45776896,365568,0,38400000,38400000,0,0,30000,0,0,16,0,0,True
3,2,10000,30000,4,1,2,uniform,1,0.0247687,18071552,413224,47656,12796208,12796208,0,20422,9578,6530,181,16,0,0,True
3,3,10000,30000,4,1,8,uniform,1,0.0106266,8781824,593168,227600,4098120,4098120,0,27231,2769,2550,239,16,0,0,True
3,4,10000,30000,4,1,4,uniform,1,0.0167538,12419072,471752,106184,7598160,7598160,0,24510,5490,4482,240,16,0,0,True
3,1,10000,30000,4,4,8,hot,0,0.0514212,8650752,592168,226600,4428160,4428160,0,27008,2992,2828,24,2,2526,26683,True
3,2,10000,30000,4,4,0,hot,0,0.0235505,8699904,365568,0,38400000,38400000,0,0,30000,0,0,2,0,0,True
3,3,10000,30000,4,4,4,hot,0,0.0845339,8667136,475080,109512,7654904,7654904,0,24469,5531,4687,20,2,3827,23559,True
3,4,10000,30000,4,4,2,hot,0,0.113568,8601600,412608,47040,12802888,12802888,0,20417,9583,6705,17,2,4592,18222,True
3,1,10000,30000,4,4,8,hot,0,0.0137814,8601600,592168,226600,4428160,4428160,0,27008,2992,2824,22,16,89,3159,True
3,2,10000,30000,4,4,0,hot,0,0.0302213,8699904,365568,0,38400000,38400000,0,0,30000,0,0,16,0,0,True
3,3,10000,30000,4,4,4,hot,0,0.0187037,8601600,475080,109512,7654904,7654904,0,24469,5531,4622,18,16,7,198,True
3,4,10000,30000,4,4,2,hot,0,0.0268263,8617984,412608,47040,12802888,12802888,0,20417,9583,6824,12,16,0,0,True
3,1,10000,30000,4,2,2,hot,0,0.0681116,8617984,412608,47040,12802888,12802888,0,20417,9583,6763,12,2,4552,18127,True
3,2,10000,30000,4,2,4,hot,0,0.0556174,8617984,475080,109512,7654904,7654904,0,24469,5531,4647,17,2,3778,23558,True
3,3,10000,30000,4,2,0,hot,0,0.0237868,8699904,365568,0,38400000,38400000,0,0,30000,0,0,2,0,0,True
3,4,10000,30000,4,2,8,hot,0,0.0396673,8601600,592168,226600,4428160,4428160,0,27008,2992,2825,22,2,2546,26711,True
3,1,10000,30000,4,2,2,hot,0,0.0204875,8716288,412608,47040,12802888,12802888,0,20417,9583,6779,15,16,0,0,True
3,2,10000,30000,4,2,4,hot,0,0.0146501,8601600,475080,109512,7654904,7654904,0,24469,5531,4633,21,16,7,181,True
3,3,10000,30000,4,2,0,hot,0,0.0237568,8601600,365568,0,38400000,38400000,0,0,30000,0,0,16,0,0,True
3,4,10000,30000,4,2,8,hot,0,0.0106444,8601600,592168,226600,4428160,4428160,0,27008,2992,2810,22,16,92,3221,True
3,1,10000,30000,4,1,0,hot,0,0.023577,8699904,365568,0,38400000,38400000,0,0,30000,0,0,16,0,0,True
3,2,10000,30000,4,1,2,hot,0,0.0196901,8650752,412608,47040,12802888,12802888,0,20417,9583,6762,13,16,0,0,True
3,3,10000,30000,4,1,8,hot,0,0.00990692,8634368,592168,226600,4428160,4428160,0,27008,2992,2817,22,16,0,0,True
3,4,10000,30000,4,1,4,hot,0,0.0142249,8650752,475080,109512,7654904,7654904,0,24469,5531,4641,17,16,0,0,True
3,1,10000,30000,4,1,0,hot,0,0.0237051,8699904,365568,0,38400000,38400000,0,0,30000,0,0,2,0,0,True
3,2,10000,30000,4,1,2,hot,0,0.0196231,8650752,412608,47040,12802888,12802888,0,20417,9583,6776,14,2,0,0,True
3,3,10000,30000,4,1,8,hot,0,0.00999029,8634368,592168,226600,4428160,4428160,0,27008,2992,2802,22,2,0,0,True
3,4,10000,30000,4,1,4,hot,0,0.0148833,8716288,475080,109512,7654904,7654904,0,24469,5531,4651,18,2,0,0,True
3,1,10000,30000,4,1,2,hot,1,0.0213732,18071552,412608,47040,12802888,12802888,0,20417,9583,6790,14,2,0,0,True
3,2,10000,30000,4,1,4,hot,1,0.0152242,12484608,475080,109512,7654904,7654904,0,24469,5531,4679,20,2,0,0,True
3,3,10000,30000,4,1,0,hot,1,0.0271684,45776896,365568,0,38400000,38400000,0,0,30000,0,0,2,0,0,True
3,4,10000,30000,4,1,8,hot,1,0.0102567,9142272,592168,226600,4428160,4428160,0,27008,2992,2789,24,2,0,0,True
3,1,10000,30000,4,1,2,hot,1,0.0216281,18071552,412608,47040,12802888,12802888,0,20417,9583,6787,15,16,0,0,True
3,2,10000,30000,4,1,4,hot,1,0.0155605,12484608,475080,109512,7654904,7654904,0,24469,5531,4649,17,16,0,0,True
3,3,10000,30000,4,1,0,hot,1,0.0267781,45776896,365568,0,38400000,38400000,0,0,30000,0,0,16,0,0,True
3,4,10000,30000,4,1,8,hot,1,0.0103481,9142272,592168,226600,4428160,4428160,0,27008,2992,2819,22,16,0,0,True
3,1,10000,30000,4,2,4,hot,1,0.0155742,12533760,475080,109512,7654904,7654904,0,24469,5531,4691,17,16,8,209,True
3,2,10000,30000,4,2,8,hot,1,0.0113118,9191424,592168,226600,4428160,4428160,0,27008,2992,2807,22,16,82,2849,True
3,3,10000,30000,4,2,2,hot,1,0.0216902,18087936,412608,47040,12802888,12802888,0,20417,9583,6791,14,16,0,0,True
3,4,10000,30000,4,2,0,hot,1,0.0280329,45793280,365568,0,38400000,38400000,0,0,30000,0,0,16,0,0,True
3,1,10000,30000,4,2,4,hot,1,0.0589065,12533760,475080,109512,7654904,7654904,0,24469,5531,4637,19,2,3814,23604,True
3,2,10000,30000,4,2,8,hot,1,0.0384342,9191424,592168,226600,4428160,4428160,0,27008,2992,2840,22,2,2530,26680,True
3,3,10000,30000,4,2,2,hot,1,0.0727188,18120704,412608,47040,12802888,12802888,0,20417,9583,6766,13,2,4633,18208,True
3,4,10000,30000,4,2,0,hot,1,0.0275128,45793280,365568,0,38400000,38400000,0,0,30000,0,0,2,0,0,True
3,1,10000,30000,4,4,0,hot,1,0.0266787,45826048,365568,0,38400000,38400000,0,0,30000,0,0,16,0,0,True
3,2,10000,30000,4,4,2,hot,1,0.0217079,18219008,412608,47040,12802888,12802888,0,20417,9583,6757,17,16,1,19,True
3,3,10000,30000,4,4,8,hot,1,0.0111295,9273344,592168,226600,4428160,4428160,0,27008,2992,2803,23,16,76,2580,True
3,4,10000,30000,4,4,4,hot,1,0.0159528,12615680,475080,109512,7654904,7654904,0,24469,5531,4672,18,16,9,232,True
3,1,10000,30000,4,4,0,hot,1,0.0290173,45826048,365568,0,38400000,38400000,0,0,30000,0,0,2,0,0,True
3,2,10000,30000,4,4,2,hot,1,0.0967766,18219008,412608,47040,12802888,12802888,0,20417,9583,6761,13,2,4613,18197,True
3,3,10000,30000,4,4,8,hot,1,0.0513834,9256960,592168,226600,4428160,4428160,0,27008,2992,2820,22,2,2530,26697,True
3,4,10000,30000,4,4,4,hot,1,0.0756455,12599296,475080,109512,7654904,7654904,0,24469,5531,4687,18,2,3787,23516,True
3,1,10000,30000,4,1,2,zipfian,0,0.0220712,8667136,411824,46256,12816248,12816248,0,20407,9593,6606,29,16,0,0,True
3,2,10000,30000,4,1,4,zipfian,0,0.0153534,8601600,469048,103480,7624456,7624456,0,24491,5509,4517,54,16,0,0,True
3,3,10000,30000,4,1,0,zipfian,0,0.0266136,8683520,365568,0,38400000,38400000,0,0,30000,0,0,16,0,0,True
3,4,10000,30000,4,1,8,zipfian,0,0.00962,8699904,590568,225000,4068520,4068520,0,27251,2749,2557,81,16,0,0,True
3,1,10000,30000,4,1,2,zipfian,0,0.0224496,8683520,411824,46256,12816248,12816248,0,20407,9593,6630,29,2,0,0,True
3,2,10000,30000,4,1,4,zipfian,0,0.0155253,8617984,469048,103480,7624456,7624456,0,24491,5509,4608,54,2,0,0,True
3,3,10000,30000,4,1,0,zipfian,0,0.0259572,8650752,365568,0,38400000,38400000,0,0,30000,0,0,2,0,0,True
3,4,10000,30000,4,1,8,zipfian,0,0.0101573,8634368,590568,225000,4068520,4068520,0,27251,2749,2586,88,2,0,0,True
3,1,10000,30000,4,2,4,zipfian,0,0.0706125,8634368,469048,103480,7624456,7624456,0,24491,5509,4554,54,2,3680,23597,True
3,2,10000,30000,4,2,8,zipfian,0,0.0452302,8601600,590568,225000,4068520,4068520,0,27251,2749,2603,81,2,2357,26999,True
3,3,10000,30000,4,2,2,zipfian,0,0.0842685,8617984,411824,46256,12816248,12816248,0,20407,9593,6644,31,2,4488,18230,True
3,4,10000,30000,4,2,0,zipfian,0,0.0335165,8683520,365568,0,38400000,38400000,0,0,30000,0,0,2,0,0,True
3,1,10000,30000,4,2,4,zipfian,0,0.0229521,8601600,469048,103480,7624456,7624456,0,24491,5509,4554,60,16,160,3612,True
3,2,10000,30000,4,2,8,zipfian,0,0.019264,8601600,590568,225000,4068520,4068520,0,27251,2749,2596,81,16,478,13100,True
3,3,10000,30000,4,2,2,zipfian,0,0.0308432,8601600,411824,46256,12816248,12816248,0,20407,9593,6603,31,16,19,375,True
3,4,10000,30000,4,2,0,zipfian,0,0.0367699,8699904,365568,0,38400000,38400000,0,0,30000,0,0,16,0,0,True
3,1,10000,30000,4,4,0,zipfian,0,0.0372658,8634368,365568,0,38400000,38400000,0,0,30000,0,0,2,0,0,True
3,2,10000,30000,4,4,2,zipfian,0,0.0966298,8601600,411824,46256,12816248,12816248,0,20407,9593,6603,31,2,4485,18263,True
3,3,10000,30000,4,4,8,zipfian,0,0.0491431,8601600,590568,225000,4068520,4068520,0,27251,2749,2577,81,2,2333,27002,True
3,4,10000,30000,4,4,4,zipfian,0,0.081611,8699904,469048,103480,7624456,7624456,0,24491,5509,4570,54,2,3686,23586,True
3,1,10000,30000,4,4,0,zipfian,0,0.0335482,8601600,365568,0,38400000,38400000,0,0,30000,0,0,16,0,0,True
3,2,10000,30000,4,4,2,zipfian,0,0.0272032,8667136,411824,46256,12816248,12816248,0,20407,9593,6667,31,16,19,398,True
3,3,10000,30000,4,4,8,zipfian,0,0.020341,8601600,590568,225000,4068520,4068520,0,27251,2749,2596,81,16,461,12781,True
3,4,10000,30000,4,4,4,zipfian,0,0.0241314,8650752,469048,103480,7624456,7624456,0,24491,5509,4584,54,16,170,3845,True
3,1,10000,30000,4,4,2,zipfian,1,0.0306963,18432000,411824,46256,12816248,12816248,0,20407,9593,6605,31,16,15,319,True
3,2,10000,30000,4,4,4,zipfian,1,0.0237052,12746752,469048,103480,7624456,7624456,0,24491,5509,4539,54,16,155,3457,True
3,3,10000,30000,4,4,0,zipfian,1,0.0330395,46006272,365568,0,38400000,38400000,0,0,30000,0,0,16,0,0,True
3,4,10000,30000,4,4,8,zipfian,1,0.0190143,9043968,590568,225000,4068520,4068520,0,27251,2749,2595,81,16,499,13631,True
3,1,10000,30000,4,4,2,zipfian,1,0.0970627,18415616,411824,46256,12816248,12816248,0,20407,9593,6604,31,2,4446,18232,True
3,2,10000,30000,4,4,4,zipfian,1,0.0787175,12730368,469048,103480,7624456,7624456,0,24491,5509,4566,54,2,3676,23583,True
3,3,10000,30000,4,4,0,zipfian,1,0.0292605,46006272,365568,0,38400000,38400000,0,0,30000,0,0,2,0,0,True
3,4,10000,30000,4,4,8,zipfian,1,0.0469532,9027584,590568,225000,4068520,4068520,0,27251,2749,2600,81,2,2354,27001,True
3,1,10000,30000,4,2,8,zipfian,1,0.0150351,8962048,590568,225000,4068520,4068520,0,27251,2749,2603,75,16,478,13384,True
3,2,10000,30000,4,2,0,zipfian,1,0.0285365,45973504,365568,0,38400000,38400000,0,0,30000,0,0,16,0,0,True
3,3,10000,30000,4,2,4,zipfian,1,0.0175091,12664832,469048,103480,7624456,7624456,0,24491,5509,4545,54,16,155,3463,True
3,4,10000,30000,4,2,2,zipfian,1,0.0230492,18317312,411824,46256,12816248,12816248,0,20407,9593,6575,29,16,22,422,True
3,1,10000,30000,4,2,8,zipfian,1,0.0364748,8978432,590568,225000,4068520,4068520,0,27251,2749,2597,81,2,2348,26997,True
3,2,10000,30000,4,2,0,zipfian,1,0.0287575,45973504,365568,0,38400000,38400000,0,0,30000,0,0,2,0,0,True
3,3,10000,30000,4,2,4,zipfian,1,0.0581447,12664832,469048,103480,7624456,7624456,0,24491,5509,4598,54,2,3711,23591,True
3,4,10000,30000,4,2,2,zipfian,1,0.0711077,18333696,411824,46256,12816248,12816248,0,20407,9593,6612,31,2,4471,18238,True
3,1,10000,30000,4,1,4,zipfian,1,0.0158171,12615680,469048,103480,7624456,7624456,0,24491,5509,4566,50,2,0,0,True
3,2,10000,30000,4,1,8,zipfian,1,0.0100201,8929280,590568,225000,4068520,4068520,0,27251,2749,2560,81,2,0,0,True
3,3,10000,30000,4,1,2,zipfian,1,0.022568,18268160,411824,46256,12816248,12816248,0,20407,9593,6622,31,2,0,0,True
3,4,10000,30000,4,1,0,zipfian,1,0.0278542,45957120,365568,0,38400000,38400000,0,0,30000,0,0,2,0,0,True
3,1,10000,30000,4,1,4,zipfian,1,0.016036,12615680,469048,103480,7624456,7624456,0,24491,5509,4595,54,16,0,0,True
3,2,10000,30000,4,1,8,zipfian,1,0.0102053,8929280,590568,225000,4068520,4068520,0,27251,2749,2579,81,16,0,0,True
3,3,10000,30000,4,1,2,zipfian,1,0.0226972,18268160,411824,46256,12816248,12816248,0,20407,9593,6568,29,16,0,0,True
3,4,10000,30000,4,1,0,zipfian,1,0.0286472,45957120,365568,0,38400000,38400000,0,0,30000,0,0,16,0,0,True
