run,mode,slots,workers,pattern,pinned,records,updates,elapsed_seconds,peak_rss_bytes,live_bytes,overflow_bytes,retired_bytes,reclaimed_bytes,pending_bytes,appended_updates,cow_updates,parallel_updates,materialization_waves,reference_ok
1,batch,8,1,uniform,0,100000,100000,0.00988067,23986176,8070712,840632,0,0,0,100000,0,0,0,True
1,batch,4,1,uniform,0,100000,100000,0.00740958,23773184,7539120,309040,1254896,1254896,0,99642,358,0,150,True
1,batch,2,4,uniform,0,100000,100000,0.0217883,24231936,7230080,0,18498752,18498752,0,91863,8137,99971,373,True
1,batch,2,2,uniform,0,100000,100000,0.0158314,24231936,7230080,0,18572800,18572800,0,91863,8137,100000,375,True
1,batch,2,1,uniform,0,100000,100000,0.0114548,24150016,7230080,0,18519680,18519680,0,91863,8137,0,370,True
1,batch,0,1,uniform,0,100000,100000,0.0206336,24494080,7230080,0,168758400,168758400,0,0,100000,0,503,True
1,seq,2,1,uniform,0,100000,100000,0.00668917,55361536,7230080,0,35412224,35412224,0,,,0,,True
1,cow,0,1,uniform,0,100000,100000,0.146367,23969792,7230080,0,435200000,435200000,0,0,100000,0,0,True
1,cow,0,1,uniform,1,100000,100000,0.186125,568590336,7230080,0,435200000,435200000,0,0,100000,0,0,True
1,seq,2,1,uniform,1,100000,100000,0.00673196,73744384,7230080,0,35412224,35412224,0,,,0,,True
1,batch,0,1,uniform,1,100000,100000,0.0280822,231522304,7230080,0,168538560,168538560,0,0,100000,0,500,True
1,batch,2,1,uniform,1,100000,100000,0.00874662,45301760,7230080,0,18725888,18725888,0,91863,8137,0,424,True
1,batch,2,2,uniform,1,100000,100000,0.0165219,45170688,7230080,0,18585344,18585344,0,91863,8137,100000,373,True
1,batch,2,4,uniform,1,100000,100000,0.0207594,45154304,7230080,0,18534464,18534464,0,91863,8137,99997,370,True
1,batch,4,1,uniform,1,100000,100000,0.00676029,24772608,7539120,309040,1274736,1274736,0,99642,358,0,163,True
1,batch,8,1,uniform,1,100000,100000,0.00728246,23986176,8070712,840632,0,0,0,100000,0,0,0,True
1,batch,8,1,hot,0,100000,100000,0.0117718,23298048,7239960,9880,11839376,11839376,0,90070,9930,0,2372,True
1,batch,4,1,hot,0,100000,100000,0.0128164,23314432,7232640,2560,15679408,15679408,0,82082,17918,0,3222,True
1,batch,2,4,hot,0,100000,100000,0.0666028,23445504,7230080,0,19713536,19713536,0,70079,29921,86486,4137,True
1,batch,2,2,hot,0,100000,100000,0.0542341,23429120,7230080,0,19619200,19619200,0,70079,29921,86754,4115,True
1,batch,2,1,hot,0,100000,100000,0.0147369,23379968,7230080,0,19739264,19739264,0,70079,29921,0,4143,True
1,batch,0,1,hot,0,100000,100000,0.0263418,24133632,7230080,0,65861376,65861376,0,0,100000,0,7592,True
1,seq,2,1,hot,0,100000,100000,0.0118826,84951040,7230080,0,130216192,130216192,0,,,0,,True
1,cow,0,1,hot,0,100000,100000,0.0934185,23953408,7230080,0,435200000,435200000,0,0,100000,0,0,True
1,cow,0,1,hot,1,100000,100000,0.164233,568590336,7230080,0,435200000,435200000,0,0,100000,0,0,True
1,seq,2,1,hot,1,100000,100000,0.0158611,192937984,7230080,0,130216192,130216192,0,,,0,,True
1,batch,0,1,hot,1,100000,100000,0.0296511,103202816,7230080,0,65604608,65604608,0,0,100000,0,7507,True
1,batch,2,1,hot,1,100000,100000,0.0163404,46301184,7230080,0,19670656,19670656,0,70079,29921,0,4127,True
1,batch,2,2,hot,1,100000,100000,0.0542687,46465024,7230080,0,19752128,19752128,0,70079,29921,86162,4146,True
1,batch,2,4,hot,1,100000,100000,0.0711652,46301184,7230080,0,19593472,19593472,0,70079,29921,87116,4109,True
1,batch,4,1,hot,1,100000,100000,0.0140778,41058304,7232640,2560,15460720,15460720,0,82082,17918,0,3171,True
1,batch,8,1,hot,1,100000,100000,0.0124698,36208640,7239960,9880,11740752,11740752,0,90070,9930,0,2349,True
1,batch,8,1,insert,0,100000,100000,0.0149935,33701888,14458176,0,134610944,134610944,0,0,100000,0,391,True
1,batch,4,1,insert,0,100000,100000,0.0152117,33587200,14458176,0,134380032,134380032,0,0,100000,0,391,True
1,batch,2,4,insert,0,100000,100000,0.0275292,33800192,14458176,0,134584768,134584768,0,0,100000,100000,391,True
1,batch,2,2,insert,0,100000,100000,0.0245865,33652736,14458176,0,134549440,134549440,0,0,100000,100000,391,True
1,batch,2,1,insert,0,100000,100000,0.0152392,33603584,14458176,0,134436992,134436992,0,0,100000,0,391,True
1,batch,0,1,insert,0,100000,100000,0.0153067,33652736,14458176,0,134310592,134310592,0,0,100000,0,391,True
1,seq,2,1,insert,0,100000,100000,0.0324019,209846272,14458176,0,391550912,391550912,0,,,0,,True
1,cow,0,1,insert,0,100000,100000,0.106193,32849920,14458176,0,391550912,391550912,0,0,100000,0,0,True
1,cow,0,1,insert,1,100000,100000,0.177426,525893632,14458176,0,391550912,391550912,0,0,100000,0,0,True
1,seq,2,1,insert,1,100000,100000,0.0386499,533626880,14458176,0,391550912,391550912,0,,,0,,True
1,batch,0,1,insert,1,100000,100000,0.0250648,200261632,14458176,0,134758144,134758144,0,0,100000,0,391,True
1,batch,2,1,insert,1,100000,100000,0.0254093,199606272,14458176,0,134245248,134245248,0,0,100000,0,391,True
1,batch,2,2,insert,1,100000,100000,0.0322136,199983104,14458176,0,134493440,134493440,0,0,100000,100000,391,True
1,batch,2,4,insert,1,100000,100000,0.0357107,199983104,14458176,0,134452864,134452864,0,0,100000,100000,391,True
1,batch,4,1,insert,1,100000,100000,0.025063,199999488,14458176,0,134548928,134548928,0,0,100000,0,392,True
1,batch,8,1,insert,1,100000,100000,0.0245532,200048640,14458176,0,134593152,134593152,0,0,100000,0,391,True
2,cow,0,1,uniform,0,100000,100000,0.131535,23969792,7230080,0,435200000,435200000,0,0,100000,0,0,True
2,seq,2,1,uniform,0,100000,100000,0.00565862,51068928,7230080,0,35412224,35412224,0,,,0,,True
2,batch,0,1,uniform,0,100000,100000,0.0189387,24592384,7230080,0,168541376,168541376,0,0,100000,0,511,True
2,batch,2,1,uniform,0,100000,100000,0.00800217,24182784,7230080,0,18665664,18665664,0,91863,8137,0,407,True
2,batch,2,2,uniform,0,100000,100000,0.0154015,24182784,7230080,0,18557824,18557824,0,91863,8137,99975,372,True
2,batch,2,4,uniform,0,100000,100000,0.0199656,24281088,7230080,0,18566400,18566400,0,91863,8137,99960,374,True
2,batch,4,1,uniform,0,100000,100000,0.00689629,23707648,7539120,309040,1253232,1253232,0,99642,358,0,157,True
2,batch,8,1,uniform,0,100000,100000,0.00697021,23986176,8070712,840632,0,0,0,100000,0,0,0,True
2,batch,8,1,uniform,1,100000,100000,0.00718392,23986176,8070712,840632,0,0,0,100000,0,0,0,True
2,batch,4,1,uniform,1,100000,100000,0.00741875,24772608,7539120,309040,1261808,1261808,0,99642,358,0,159,True
2,batch,2,4,uniform,1,100000,100000,0.019669,45187072,7230080,0,18532544,18532544,0,91863,8137,99985,373,True
2,batch,2,2,uniform,1,100000,100000,0.0178904,45187072,7230080,0,18600128,18600128,0,91863,8137,100000,373,True
2,batch,2,1,uniform,1,100000,100000,0.00913996,45170688,7230080,0,18619904,18619904,0,91863,8137,0,385,True
2,batch,0,1,uniform,1,100000,100000,0.0287067,232374272,7230080,0,169179136,169179136,0,0,100000,0,510,True
2,seq,2,1,uniform,1,100000,100000,0.00679062,73744384,7230080,0,35412224,35412224,0,,,0,,True
2,cow,0,1,uniform,1,100000,100000,0.201155,568590336,7230080,0,435200000,435200000,0,0,100000,0,0,True
2,cow,0,1,hot,0,100000,100000,0.0982304,23953408,7230080,0,435200000,435200000,0,0,100000,0,0,True
2,seq,2,1,hot,0,100000,100000,0.0122907,84951040,7230080,0,130216192,130216192,0,,,0,,True
2,batch,0,1,hot,0,100000,100000,0.0247233,24150016,7230080,0,66156736,66156736,0,0,100000,0,7653,True
2,batch,2,1,hot,0,100000,100000,0.0141759,23379968,7230080,0,19760704,19760704,0,70079,29921,0,4148,True
2,batch,2,2,hot,0,100000,100000,0.0526252,23396352,7230080,0,19728576,19728576,0,70079,29921,86573,4141,True
2,batch,2,4,hot,0,100000,100000,0.0672659,23445504,7230080,0,19619200,19619200,0,70079,29921,87370,4115,True
2,batch,4,1,hot,0,100000,100000,0.012607,23298048,7232640,2560,15473584,15473584,0,82082,17918,0,3174,True
2,batch,8,1,hot,0,100000,100000,0.0105458,23281664,7239960,9880,11830800,11830800,0,90070,9930,0,2370,True
2,batch,8,1,hot,1,100000,100000,0.0114008,36503552,7239960,9880,11955152,11955152,0,90070,9930,0,2399,True
2,batch,4,1,hot,1,100000,100000,0.0140957,41254912,7232640,2560,15692272,15692272,0,82082,17918,0,3225,True
2,batch,2,4,hot,1,100000,100000,0.0711089,46399488,7230080,0,19713536,19713536,0,70079,29921,86971,4137,True
2,batch,2,2,hot,1,100000,100000,0.055172,46252032,7230080,0,19692096,19692096,0,70079,29921,86882,4132,True
2,batch,2,1,hot,1,100000,100000,0.0168864,46579712,7230080,0,19975104,19975104,0,70079,29921,0,4198,True
2,batch,0,1,hot,1,100000,100000,0.0297567,104087552,7230080,0,66239872,66239872,0,0,100000,0,7665,True
2,seq,2,1,hot,1,100000,100000,0.0153395,192937984,7230080,0,130216192,130216192,0,,,0,,True
2,cow,0,1,hot,1,100000,100000,0.16039,568590336,7230080,0,435200000,435200000,0,0,100000,0,0,True
2,cow,0,1,insert,0,100000,100000,0.105373,32849920,14458176,0,391550912,391550912,0,0,100000,0,0,True
2,seq,2,1,insert,0,100000,100000,0.0307774,216154112,14458176,0,391550912,391550912,0,,,0,,True
2,batch,0,1,insert,0,100000,100000,0.0146487,33603584,14458176,0,134676672,134676672,0,0,100000,0,391,True
2,batch,2,1,insert,0,100000,100000,0.0150574,33587200,14458176,0,134386048,134386048,0,0,100000,0,391,True
2,batch,2,2,insert,0,100000,100000,0.023807,33800192,14458176,0,134756160,134756160,0,0,100000,100000,391,True
2,batch,2,4,insert,0,100000,100000,0.0276575,33816576,14458176,0,134387264,134387264,0,0,100000,100000,391,True
2,batch,4,1,insert,0,100000,100000,0.0152108,33554432,14458176,0,134262080,134262080,0,0,100000,0,391,True
2,batch,8,1,insert,0,100000,100000,0.0154663,33603584,14458176,0,134824000,134824000,0,0,100000,0,391,True
2,batch,8,1,insert,1,100000,100000,0.0253025,199606272,14458176,0,134268672,134268672,0,0,100000,0,391,True
2,batch,4,1,insert,1,100000,100000,0.0250368,199999488,14458176,0,134577856,134577856,0,0,100000,0,391,True
2,batch,2,4,insert,1,100000,100000,0.0359441,200146944,14458176,0,134589440,134589440,0,0,100000,100000,391,True
2,batch,2,2,insert,1,100000,100000,0.0322458,200294400,14458176,0,134768832,134768832,0,0,100000,100000,391,True
2,batch,2,1,insert,1,100000,100000,0.0253029,200130560,14458176,0,134658240,134658240,0,0,100000,0,391,True
2,batch,0,1,insert,1,100000,100000,0.02536,200196096,14458176,0,134725760,134725760,0,0,100000,0,391,True
2,seq,2,1,insert,1,100000,100000,0.0386071,533626880,14458176,0,391550912,391550912,0,,,0,,True
2,cow,0,1,insert,1,100000,100000,0.156306,525893632,14458176,0,391550912,391550912,0,0,100000,0,0,True
3,batch,8,1,uniform,0,100000,100000,0.00667725,23986176,8070712,840632,0,0,0,100000,0,0,0,True
3,batch,4,1,uniform,0,100000,100000,0.0071985,23740416,7539120,309040,1281136,1281136,0,99642,358,0,164,True
3,batch,2,4,uniform,0,100000,100000,0.021133,24297472,7230080,0,18604608,18604608,0,91863,8137,99996,377,True
3,batch,2,2,uniform,0,100000,100000,0.0150384,24231936,7230080,0,18555648,18555648,0,91863,8137,99985,371,True
3,batch,2,1,uniform,0,100000,100000,0.00761925,24166400,7230080,0,18571008,18571008,0,91863,8137,0,380,True
3,batch,0,1,uniform,0,100000,100000,0.0187713,24543232,7230080,0,168401088,168401088,0,0,100000,0,497,True
3,seq,2,1,uniform,0,100000,100000,0.00595579,56016896,7230080,0,35412224,35412224,0,,,0,,True
3,cow,0,1,uniform,0,100000,100000,0.136713,23969792,7230080,0,435200000,435200000,0,0,100000,0,0,True
3,cow,0,1,uniform,1,100000,100000,0.187966,568590336,7230080,0,435200000,435200000,0,0,100000,0,0,True
3,seq,2,1,uniform,1,100000,100000,0.00664062,73744384,7230080,0,35412224,35412224,0,,,0,,True
3,batch,0,1,uniform,1,100000,100000,0.0282556,230572032,7230080,0,167750272,167750272,0,0,100000,0,492,True
3,batch,2,1,uniform,1,100000,100000,0.00861196,45301760,7230080,0,18738688,18738688,0,91863,8137,0,426,True
3,batch,2,2,uniform,1,100000,100000,0.0166996,45154304,7230080,0,18585408,18585408,0,91863,8137,99983,374,True
3,batch,2,4,uniform,1,100000,100000,0.0200152,45285376,7230080,0,18621376,18621376,0,91863,8137,99979,375,True
3,batch,4,1,uniform,1,100000,100000,0.00734896,24870912,7539120,309040,1259888,1259888,0,99642,358,0,162,True
3,batch,8,1,uniform,1,100000,100000,0.00701488,23986176,8070712,840632,0,0,0,100000,0,0,0,True
3,batch,8,1,hot,0,100000,100000,0.0111096,23281664,7239960,9880,11770768,11770768,0,90070,9930,0,2356,True
3,batch,4,1,hot,0,100000,100000,0.0118659,23298048,7232640,2560,15434992,15434992,0,82082,17918,0,3165,True
3,batch,2,4,hot,0,100000,100000,0.0679048,23445504,7230080,0,19722112,19722112,0,70079,29921,86866,4139,True
3,batch,2,2,hot,0,100000,100000,0.0514393,23429120,7230080,0,19859328,19859328,0,70079,29921,86272,4171,True
3,batch,2,1,hot,0,100000,100000,0.0141412,23379968,7230080,0,19833600,19833600,0,70079,29921,0,4165,True
3,batch,0,1,hot,0,100000,100000,0.0255076,24133632,7230080,0,65775360,65775360,0,0,100000,0,7568,True
3,seq,2,1,hot,0,100000,100000,0.0129675,85147648,7230080,0,130216192,130216192,0,,,0,,True
3,cow,0,1,hot,0,100000,100000,0.095443,23953408,7230080,0,435200000,435200000,0,0,100000,0,0,True
3,cow,0,1,hot,1,100000,100000,0.163528,568590336,7230080,0,435200000,435200000,0,0,100000,0,0,True
3,seq,2,1,hot,1,100000,100000,0.015411,192937984,7230080,0,130216192,130216192,0,,,0,,True
3,batch,0,1,hot,1,100000,100000,0.0308517,103759872,7230080,0,66001344,66001344,0,0,100000,0,7601,True
3,batch,2,1,hot,1,100000,100000,0.0160719,46448640,7230080,0,19820736,19820736,0,70079,29921,0,4162,True
3,batch,2,2,hot,1,100000,100000,0.055446,46383104,7230080,0,19756416,19756416,0,70079,29921,86270,4147,True
3,batch,2,4,hot,1,100000,100000,0.0716677,46546944,7230080,0,19825024,19825024,0,70079,29921,86471,4163,True
3,batch,4,1,hot,1,100000,100000,0.0147542,40960000,7232640,2560,15465008,15465008,0,82082,17918,0,3172,True
3,batch,8,1,hot,1,100000,100000,0.0125261,36339712,7239960,9880,11839376,11839376,0,90070,9930,0,2372,True
3,batch,8,1,insert,0,100000,100000,0.0152483,33603584,14458176,0,134307584,134307584,0,0,100000,0,391,True
3,batch,4,1,insert,0,100000,100000,0.0150077,33603584,14458176,0,134499264,134499264,0,0,100000,0,391,True
3,batch,2,4,insert,0,100000,100000,0.0280593,33816576,14458176,0,134674624,134674624,0,0,100000,100000,391,True
3,batch,2,2,insert,0,100000,100000,0.0235781,33718272,14458176,0,134581632,134581632,0,0,100000,100000,391,True
3,batch,2,1,insert,0,100000,100000,0.0151465,33669120,14458176,0,134527168,134527168,0,0,100000,0,391,True
3,batch,0,1,insert,0,100000,100000,0.015193,33603584,14458176,0,134446080,134446080,0,0,100000,0,391,True
3,seq,2,1,insert,0,100000,100000,0.03304,216760320,14458176,0,391550912,391550912,0,,,0,,True
3,cow,0,1,insert,0,100000,100000,0.10124,32849920,14458176,0,391550912,391550912,0,0,100000,0,0,True
3,cow,0,1,insert,1,100000,100000,0.152183,525893632,14458176,0,391550912,391550912,0,0,100000,0,0,True
3,seq,2,1,insert,1,100000,100000,0.0386948,533626880,14458176,0,391550912,391550912,0,,,0,,True
3,batch,0,1,insert,1,100000,100000,0.0255357,199901184,14458176,0,134485120,134485120,0,0,100000,0,391,True
3,batch,2,1,insert,1,100000,100000,0.0253342,200474624,14458176,0,134935936,134935936,0,0,100000,0,391,True
3,batch,2,2,insert,1,100000,100000,0.0320975,199737344,14458176,0,134311744,134311744,0,0,100000,100000,391,True
3,batch,2,4,insert,1,100000,100000,0.035756,200638464,14458176,0,134958592,134958592,0,0,100000,100000,391,True
3,batch,4,1,insert,1,100000,100000,0.0250759,200163328,14458176,0,134681472,134681472,0,0,100000,0,391,True
3,batch,8,1,insert,1,100000,100000,0.0249042,199819264,14458176,0,134422144,134422144,0,0,100000,0,391,True
