run,records,updates,clients,wait_each,native_pipeline,blocked_probes,workers,slots,pattern,pinned,elapsed_seconds,peak_rss_bytes,live_requested_bytes,sidecar_bytes,retired_bytes,reclaimed_bytes,pending_bytes,appended_updates,cow_updates,append_waves,max_wave_groups,parallel_min_groups,parallel_waves,parallel_materialization,materialization_waves,parallel_materializations,parallel_updates,profile,queue_ns,plan_ns,inline_leaf_ns,parallel_wave_ns,merge_retire_ns,publish_ns,gc_ns,serial_cow_ns,worker_loop_ns,worker_wakeups,reference_ok
1,100000,100000,4,0,True,87211,1,4,uniform,0,0.0722687,30654464,4056632,399672,134661040,134661040,0,12786,87214,0,0,16,0,0,0,0,0,0,0,0,0,0,0,0,0,0,0,0,True
1,100000,100000,4,0,True,73524,1,8,uniform,0,0.06418,32227328,3679960,23000,115824336,115824336,0,26474,73526,0,0,16,0,0,0,0,0,0,0,0,0,0,0,0,0,0,0,0,True
1,100000,100000,4,0,True,99615,1,2,uniform,0,0.0656244,44908544,3657016,56,153031176,153031176,0,384,99616,0,0,16,0,0,0,0,0,0,0,0,0,0,0,0,0,0,0,0,True
1,100000,100000,4,0,True,0,1,0,uniform,0,0.0704219,29900800,3656960,0,153600000,153600000,0,0,100000,0,0,16,0,0,0,0,0,0,0,0,0,0,0,0,0,0,0,0,True
1,100000,100000,4,0,True,92977,2,4,uniform,0,0.0652324,30752768,3657584,624,143406856,143406856,0,7020,92980,0,0,16,0,0,0,0,0,0,0,0,0,0,0,0,0,0,0,0,True
1,100000,100000,4,0,True,70031,2,8,uniform,0,0.0623427,32210944,3687560,30600,110717688,110717688,0,29967,70033,0,0,16,0,0,0,0,0,0,0,0,0,0,0,0,0,0,0,0,True
1,100000,100000,4,0,True,99667,2,2,uniform,0,0.072816,30162944,3656960,0,153108192,153108192,0,332,99668,0,0,16,0,0,0,0,0,0,0,0,0,0,0,0,0,0,0,0,True
1,100000,100000,4,0,True,0,2,0,uniform,0,0.059973,31703040,3656960,0,153600000,153600000,0,0,100000,0,0,16,0,0,0,0,0,0,0,0,0,0,0,0,0,0,0,0,True
1,100000,100000,4,0,True,93754,4,4,uniform,0,0.0751386,36241408,3657376,416,144521128,144521128,0,6245,93755,0,0,16,0,0,0,0,0,0,0,0,0,0,0,0,0,0,0,0,True
1,100000,100000,4,0,True,60372,4,8,uniform,0,0.066392,37027840,4540760,883800,95796464,95796464,0,39626,60374,0,0,16,0,0,0,0,0,0,0,0,0,0,0,0,0,0,0,0,True
1,100000,100000,4,0,True,96710,4,2,uniform,0,0.0776254,32686080,3660040,3080,148737856,148737856,0,3276,96724,0,0,16,0,0,0,0,0,0,0,0,0,0,0,0,0,0,0,0,True
1,100000,100000,4,0,True,0,4,0,uniform,0,0.0546424,32997376,3656960,0,153600000,153600000,0,0,100000,0,0,16,0,0,0,0,0,0,0,0,0,0,0,0,0,0,0,0,True
1,100000,100000,4,0,True,92920,1,4,uniform,1,0.0719009,183009280,3657584,624,143322008,143322008,0,7077,92923,0,0,16,0,0,0,0,0,0,0,0,0,0,0,0,0,0,0,0,True
1,100000,100000,4,0,True,62124,1,8,uniform,1,0.063285,136396800,4309760,652800,99050072,99050072,0,37873,62127,0,0,16,0,0,0,0,0,0,0,0,0,0,0,0,0,0,0,0,True
1,100000,100000,4,0,True,99630,1,2,uniform,1,0.0745542,193495040,3657016,56,153053376,153053376,0,369,99631,0,0,16,0,0,0,0,0,0,0,0,0,0,0,0,0,0,0,0,True
1,100000,100000,4,0,True,0,1,0,uniform,1,0.0778425,194035712,3656960,0,153600000,153600000,0,0,100000,0,0,16,0,0,0,0,0,0,0,0,0,0,0,0,0,0,0,0,True
1,100000,100000,4,0,True,90970,2,4,uniform,1,0.0663587,179978240,3662784,5824,140504464,140504464,0,9028,90972,0,0,16,0,0,0,0,0,0,0,0,0,0,0,0,0,0,0,0,True
1,100000,100000,4,0,True,63198,2,8,uniform,1,0.057758,137576448,3727560,70600,100757736,100757736,0,36799,63201,0,0,16,0,0,0,0,0,0,0,0,0,0,0,0,0,0,0,0,True
1,100000,100000,4,0,True,98809,2,2,uniform,1,0.0690445,192200704,3661496,4536,151835488,151835488,0,1188,98812,0,0,16,0,0,0,0,0,0,0,0,0,0,0,0,0,0,0,0,True
1,100000,100000,4,0,True,0,2,0,uniform,1,0.0622528,194084864,3656960,0,153600000,153600000,0,0,100000,0,0,16,0,0,0,0,0,0,0,0,0,0,0,0,0,0,0,0,True
1,100000,100000,4,0,True,86409,4,4,uniform,1,0.0704801,173064192,3726536,69576,133828688,133828688,0,13586,86414,0,0,16,0,0,0,0,0,0,0,0,0,0,0,0,0,0,0,0,True
1,100000,100000,4,0,True,66269,4,8,uniform,1,0.065159,142557184,3828160,171200,105220056,105220056,0,33729,66271,0,0,16,0,0,0,0,0,0,0,0,0,0,0,0,0,0,0,0,True
1,100000,100000,4,0,True,98797,4,2,uniform,1,0.0728634,192299008,3657184,224,151821872,151821872,0,1200,98800,0,0,16,0,0,0,0,0,0,0,0,0,0,0,0,0,0,0,0,True
1,100000,100000,4,0,True,0,4,0,uniform,1,0.0685421,194150400,3656960,0,153600000,153600000,0,0,100000,0,0,16,0,0,0,0,0,0,0,0,0,0,0,0,0,0,0,0,True
1,10000,3000,1,1,True,0,1,4,uniform,0,0.00347229,20545536,477576,112008,163312,163312,0,2882,118,0,0,16,0,0,0,0,0,0,0,0,0,0,0,0,0,0,0,0,True
1,10000,3000,1,1,True,0,1,8,uniform,0,0.00360967,20611072,592968,227400,2960,2960,0,2998,2,0,0,16,0,0,0,0,0,0,0,0,0,0,0,0,0,0,0,0,True
1,10000,3000,1,1,True,0,1,2,uniform,0,0.00410525,20676608,413056,47488,778888,778888,0,2417,583,0,0,16,0,0,0,0,0,0,0,0,0,0,0,0,0,0,0,0,True
1,10000,3000,1,1,True,0,1,0,uniform,0,0.00592608,20676608,365568,0,3840000,3840000,0,0,3000,0,0,16,0,0,0,0,0,0,0,0,0,0,0,0,0,0,0,0,True
1,10000,3000,1,1,True,0,1,4,uniform,1,0.00345063,20643840,477576,112008,163312,163312,0,2882,118,0,0,16,0,0,0,0,0,0,0,0,0,0,0,0,0,0,0,0,True
1,10000,3000,1,1,True,0,1,8,uniform,1,0.00335529,20627456,592968,227400,2960,2960,0,2998,2,0,0,16,0,0,0,0,0,0,0,0,0,0,0,0,0,0,0,0,True
1,10000,3000,1,1,True,0,1,2,uniform,1,0.00403883,21266432,413056,47488,778888,778888,0,2417,583,0,0,16,0,0,0,0,0,0,0,0,0,0,0,0,0,0,0,0,True
1,10000,3000,1,1,True,0,1,0,uniform,1,0.00493808,24592384,365568,0,3840000,3840000,0,0,3000,0,0,16,0,0,0,0,0,0,0,0,0,0,0,0,0,0,0,0,True
2,100000,100000,4,0,True,0,1,0,uniform,0,0.0730848,29933568,3656960,0,153600000,153600000,0,0,100000,0,0,16,0,0,0,0,0,0,0,0,0,0,0,0,0,0,0,0,True
2,100000,100000,4,0,True,99558,1,2,uniform,0,0.075568,30130176,3657016,56,152946760,152946760,0,441,99559,0,0,16,0,0,0,0,0,0,0,0,0,0,0,0,0,0,0,0,True
2,100000,100000,4,0,True,80316,1,8,uniform,0,0.0705715,32194560,3660360,3400,125344712,125344712,0,19683,80317,0,0,16,0,0,0,0,0,0,0,0,0,0,0,0,0,0,0,0,True
2,100000,100000,4,0,True,93963,1,4,uniform,0,0.0722248,34291712,3657376,416,144830296,144830296,0,6036,93964,0,0,16,0,0,0,0,0,0,0,0,0,0,0,0,0,0,0,0,True
2,100000,100000,4,0,True,0,2,0,uniform,0,0.063583,32980992,3656960,0,153600000,153600000,0,0,100000,0,0,16,0,0,0,0,0,0,0,0,0,0,0,0,0,0,0,0,True
2,100000,100000,4,0,True,99590,2,2,uniform,0,0.0743741,30244864,3657016,56,152994064,152994064,0,409,99591,0,0,16,0,0,0,0,0,0,0,0,0,0,0,0,0,0,0,0,True
2,100000,100000,4,0,True,80203,2,8,uniform,0,0.0670731,37109760,3660360,3400,125176944,125176944,0,19796,80204,0,0,16,0,0,0,0,0,0,0,0,0,0,0,0,0,0,0,0,True
2,100000,100000,4,0,True,93901,2,4,uniform,0,0.0672249,30703616,3657376,416,144738704,144738704,0,6098,93902,0,0,16,0,0,0,0,0,0,0,0,0,0,0,0,0,0,0,0,True
2,100000,100000,4,0,True,0,4,0,uniform,0,0.0614405,34799616,3656960,0,153600000,153600000,0,0,100000,0,0,16,0,0,0,0,0,0,0,0,0,0,0,0,0,0,0,0,True
2,100000,100000,4,0,True,98572,4,2,uniform,0,0.0786144,32309248,3658360,1400,151484648,151484648,0,1426,98574,0,0,16,0,0,0,0,0,0,0,0,0,0,0,0,0,0,0,0,True
2,100000,100000,4,0,True,80163,4,8,uniform,0,0.0647311,32620544,3660360,3400,125116904,125116904,0,19836,80164,0,0,16,0,0,0,0,0,0,0,0,0,0,0,0,0,0,0,0,True
2,100000,100000,4,0,True,93977,4,4,uniform,0,0.0651723,38158336,3657376,416,144850760,144850760,0,6022,93978,0,0,16,0,0,0,0,0,0,0,0,0,0,0,0,0,0,0,0,True
2,100000,100000,4,0,True,0,1,0,uniform,1,0.0756903,194035712,3656960,0,153600000,153600000,0,0,100000,0,0,16,0,0,0,0,0,0,0,0,0,0,0,0,0,0,0,0,True
2,100000,100000,4,0,True,95519,1,2,uniform,1,0.0771239,186941440,3682888,25928,146946216,146946216,0,4472,95528,0,0,16,0,0,0,0,0,0,0,0,0,0,0,0,0,0,0,0,True
2,100000,100000,4,0,True,63049,1,8,uniform,1,0.0674482,137560064,5275360,1618400,99224936,99224936,0,36949,63051,0,0,16,0,0,0,0,0,0,0,0,0,0,0,0,0,0,0,0,True
2,100000,100000,4,0,True,87704,1,4,uniform,1,0.0771058,174866432,3717904,60944,135711568,135711568,0,12293,87707,0,0,16,0,0,0,0,0,0,0,0,0,0,0,0,0,0,0,0,True
2,100000,100000,4,0,True,0,2,0,uniform,1,0.0633073,194068480,3656960,0,153600000,153600000,0,0,100000,0,0,16,0,0,0,0,0,0,0,0,0,0,0,0,0,0,0,0,True
2,100000,100000,4,0,True,96950,2,2,uniform,1,0.0729235,189300736,3678632,21672,149065848,149065848,0,3045,96955,0,0,16,0,0,0,0,0,0,0,0,0,0,0,0,0,0,0,0,True
2,100000,100000,4,0,True,77937,2,8,uniform,1,0.0633134,160481280,4075160,418200,121695368,121695368,0,22062,77938,0,0,16,0,0,0,0,0,0,0,0,0,0,0,0,0,0,0,0,True
2,100000,100000,4,0,True,85490,2,4,uniform,1,0.0688317,171491328,3900528,243568,132316664,132316664,0,14506,85494,0,0,16,0,0,0,0,0,0,0,0,0,0,0,0,0,0,0,0,True
2,100000,100000,4,0,True,0,4,0,uniform,1,0.0732717,194150400,3656960,0,153600000,153600000,0,0,100000,0,0,16,0,0,0,0,0,0,0,0,0,0,0,0,0,0,0,0,True
2,100000,100000,4,0,True,95799,4,2,uniform,1,0.0730223,187564032,3669504,12544,147375080,147375080,0,4189,95811,0,0,16,0,0,0,0,0,0,0,0,0,0,0,0,0,0,0,0,True
2,100000,100000,4,0,True,56850,4,8,uniform,1,0.0644532,127746048,5190760,1533800,90034808,90034808,0,43147,56853,0,0,16,0,0,0,0,0,0,0,0,0,0,0,0,0,0,0,0,True
2,100000,100000,4,0,True,86527,4,4,uniform,1,0.0695802,173309952,3841144,184184,133885184,133885184,0,13470,86530,0,0,16,0,0,0,0,0,0,0,0,0,0,0,0,0,0,0,0,True
2,10000,3000,1,1,True,0,1,0,uniform,0,0.00634204,20676608,365568,0,3840000,3840000,0,0,3000,0,0,16,0,0,0,0,0,0,0,0,0,0,0,0,0,0,0,0,True
2,10000,3000,1,1,True,0,1,2,uniform,0,0.00438725,20676608,413056,47488,778888,778888,0,2417,583,0,0,16,0,0,0,0,0,0,0,0,0,0,0,0,0,0,0,0,True
2,10000,3000,1,1,True,0,1,8,uniform,0,0.00321254,20611072,592968,227400,2960,2960,0,2998,2,0,0,16,0,0,0,0,0,0,0,0,0,0,0,0,0,0,0,0,True
2,10000,3000,1,1,True,0,1,4,uniform,0,0.00291729,20545536,477576,112008,163312,163312,0,2882,118,0,0,16,0,0,0,0,0,0,0,0,0,0,0,0,0,0,0,0,True
2,10000,3000,1,1,True,0,1,0,uniform,1,0.00536467,24592384,365568,0,3840000,3840000,0,0,3000,0,0,16,0,0,0,0,0,0,0,0,0,0,0,0,0,0,0,0,True
2,10000,3000,1,1,True,0,1,2,uniform,1,0.00386954,21266432,413056,47488,778888,778888,0,2417,583,0,0,16,0,0,0,0,0,0,0,0,0,0,0,0,0,0,0,0,True
2,10000,3000,1,1,True,0,1,8,uniform,1,0.002763,20627456,592968,227400,2960,2960,0,2998,2,0,0,16,0,0,0,0,0,0,0,0,0,0,0,0,0,0,0,0,True
2,10000,3000,1,1,True,0,1,4,uniform,1,0.00365563,20643840,477576,112008,163312,163312,0,2882,118,0,0,16,0,0,0,0,0,0,0,0,0,0,0,0,0,0,0,0,True
3,100000,100000,4,0,True,87017,1,4,uniform,0,0.0684881,35864576,3665904,8944,134745080,134745080,0,12977,87023,0,0,16,0,0,0,0,0,0,0,0,0,0,0,0,0,0,0,0,True
3,100000,100000,4,0,True,62446,1,8,uniform,0,0.0596841,35127296,3752160,95200,99585064,99585064,0,37551,62449,0,0,16,0,0,0,0,0,0,0,0,0,0,0,0,0,0,0,0,True
3,100000,100000,4,0,True,97642,1,2,uniform,0,0.0742113,30359552,3658920,1960,150108856,150108856,0,2354,97646,0,0,16,0,0,0,0,0,0,0,0,0,0,0,0,0,0,0,0,True
3,100000,100000,4,0,True,0,1,0,uniform,0,0.0705414,30015488,3656960,0,153600000,153600000,0,0,100000,0,0,16,0,0,0,0,0,0,0,0,0,0,0,0,0,0,0,0,True
3,100000,100000,4,0,True,93970,2,4,uniform,0,0.0676839,38993920,3657376,416,144840320,144840320,0,6029,93971,0,0,16,0,0,0,0,0,0,0,0,0,0,0,0,0,0,0,0,True
3,100000,100000,4,0,True,80351,2,8,uniform,0,0.0643022,41779200,3660360,3400,125397072,125397072,0,19648,80352,0,0,16,0,0,0,0,0,0,0,0,0,0,0,0,0,0,0,0,True
3,100000,100000,4,0,True,99030,2,2,uniform,0,0.0698183,35995648,3657016,56,152165232,152165232,0,968,99032,0,0,16,0,0,0,0,0,0,0,0,0,0,0,0,0,0,0,0,True
3,100000,100000,4,0,True,0,2,0,uniform,0,0.0614019,35880960,3656960,0,153600000,153600000,0,0,100000,0,0,16,0,0,0,0,0,0,0,0,0,0,0,0,0,0,0,0,True
3,100000,100000,4,0,True,86043,4,4,uniform,0,0.075324,31047680,3922056,265096,133109912,133109912,0,13953,86047,0,0,16,0,0,0,0,0,0,0,0,0,0,0,0,0,0,0,0,True
3,100000,100000,4,0,True,62007,4,8,uniform,0,0.062636,39436288,5149760,1492800,97647224,97647224,0,37991,62009,0,0,16,0,0,0,0,0,0,0,0,0,0,0,0,0,0,0,0,True
3,100000,100000,4,0,True,99604,4,2,uniform,0,0.070812,37142528,3657016,56,153014896,153014896,0,395,99605,0,0,16,0,0,0,0,0,0,0,0,0,0,0,0,0,0,0,0,True
3,100000,100000,4,0,True,0,4,0,uniform,0,0.0553048,44433408,3656960,0,153600000,153600000,0,0,100000,0,0,16,0,0,0,0,0,0,0,0,0,0,0,0,0,0,0,0,True
3,100000,100000,4,0,True,88988,1,4,uniform,1,0.0724055,176865280,3681192,24232,137588088,137588088,0,11008,88992,0,0,16,0,0,0,0,0,0,0,0,0,0,0,0,0,0,0,0,True
3,100000,100000,4,0,True,74137,1,8,uniform,1,0.0692314,154451968,3667760,10800,116577104,116577104,0,25861,74139,0,0,16,0,0,0,0,0,0,0,0,0,0,0,0,0,0,0,0,True
3,100000,100000,4,0,True,98191,1,2,uniform,1,0.0759897,191201280,3687256,30296,150895896,150895896,0,1805,98195,0,0,16,0,0,0,0,0,0,0,0,0,0,0,0,0,0,0,0,True
3,100000,100000,4,0,True,0,1,0,uniform,1,0.0755616,194035712,3656960,0,153600000,153600000,0,0,100000,0,0,16,0,0,0,0,0,0,0,0,0,0,0,0,0,0,0,0,True
3,100000,100000,4,0,True,92070,2,4,uniform,1,0.069388,181747712,3658208,1248,142093184,142093184,0,7928,92072,0,0,16,0,0,0,0,0,0,0,0,0,0,0,0,0,0,0,0,True
3,100000,100000,4,0,True,80379,2,8,uniform,1,0.060912,163954688,3660360,3400,125438480,125438480,0,19620,80380,0,0,16,0,0,0,0,0,0,0,0,0,0,0,0,0,0,0,0,True
3,100000,100000,4,0,True,98747,2,2,uniform,1,0.0730239,192118784,3687928,30968,151715704,151715704,0,1251,98749,0,0,16,0,0,0,0,0,0,0,0,0,0,0,0,0,0,0,0,True
3,100000,100000,4,0,True,0,2,0,uniform,1,0.0649352,194084864,3656960,0,153600000,153600000,0,0,100000,0,0,16,0,0,0,0,0,0,0,0,0,0,0,0,0,0,0,0,True
3,100000,100000,4,0,True,88152,4,4,uniform,1,0.0763187,175734784,3665176,8216,136385344,136385344,0,11845,88155,0,0,16,0,0,0,0,0,0,0,0,0,0,0,0,0,0,0,0,True
3,100000,100000,4,0,True,80295,4,8,uniform,1,0.0680516,163889152,3660360,3400,125313456,125313456,0,19704,80296,0,0,16,0,0,0,0,0,0,0,0,0,0,0,0,0,0,0,0,True
3,100000,100000,4,0,True,99615,4,2,uniform,1,0.0732568,193626112,3657016,56,153031120,153031120,0,384,99616,0,0,16,0,0,0,0,0,0,0,0,0,0,0,0,0,0,0,0,True
3,100000,100000,4,0,True,0,4,0,uniform,1,0.0700882,194183168,3656960,0,153600000,153600000,0,0,100000,0,0,16,0,0,0,0,0,0,0,0,0,0,0,0,0,0,0,0,True
3,10000,3000,1,1,True,0,1,4,uniform,0,0.00345313,20545536,477576,112008,163312,163312,0,2882,118,0,0,16,0,0,0,0,0,0,0,0,0,0,0,0,0,0,0,0,True
3,10000,3000,1,1,True,0,1,8,uniform,0,0.00273504,20611072,592968,227400,2960,2960,0,2998,2,0,0,16,0,0,0,0,0,0,0,0,0,0,0,0,0,0,0,0,True
3,10000,3000,1,1,True,0,1,2,uniform,0,0.00422725,20676608,413056,47488,778888,778888,0,2417,583,0,0,16,0,0,0,0,0,0,0,0,0,0,0,0,0,0,0,0,True
3,10000,3000,1,1,True,0,1,0,uniform,0,0.00507333,20676608,365568,0,3840000,3840000,0,0,3000,0,0,16,0,0,0,0,0,0,0,0,0,0,0,0,0,0,0,0,True
3,10000,3000,1,1,True,0,1,4,uniform,1,0.00327588,20643840,477576,112008,163312,163312,0,2882,118,0,0,16,0,0,0,0,0,0,0,0,0,0,0,0,0,0,0,0,True
3,10000,3000,1,1,True,0,1,8,uniform,1,0.00319317,20627456,592968,227400,2960,2960,0,2998,2,0,0,16,0,0,0,0,0,0,0,0,0,0,0,0,0,0,0,0,True
3,10000,3000,1,1,True,0,1,2,uniform,1,0.00363667,21266432,413056,47488,778888,778888,0,2417,583,0,0,16,0,0,0,0,0,0,0,0,0,0,0,0,0,0,0,0,True
3,10000,3000,1,1,True,0,1,0,uniform,1,0.00507046,24592384,365568,0,3840000,3840000,0,0,3000,0,0,16,0,0,0,0,0,0,0,0,0,0,0,0,0,0,0,0,True
