run,order,records,updates,clients,workers,slots,pattern,pinned,elapsed_seconds,peak_rss_bytes,live_requested_bytes,sidecar_bytes,retired_bytes,reclaimed_bytes,pending_bytes,appended_updates,cow_updates,append_waves,max_wave_groups,parallel_min_groups,parallel_waves,parallel_materialization,materialization_waves,parallel_materializations,parallel_updates,reference_ok
1,1,100000,300000,4,1,2,uniform,0,0.0648397,18448384,4123832,466872,85933384,85933384,0,204177,95823,1929,256,16,0,1,1910,0,0,True
1,2,100000,300000,4,1,4,uniform,0,0.0537748,19185664,4698416,1041456,54719680,54719680,0,245000,55000,1637,256,16,0,1,1586,0,0,True
1,3,100000,300000,4,1,0,uniform,0,0.0983074,18022400,3656960,0,225572096,225572096,0,0,300000,2940,256,16,0,1,2940,0,0,True
1,4,100000,300000,4,1,8,uniform,0,0.044321,20594688,5882360,2225400,32026296,32026296,0,272209,27791,1427,256,16,0,1,1284,0,0,True
1,1,100000,300000,4,1,2,uniform,0,0.300906,18120704,4123832,466872,152550216,152550216,0,204177,95823,65019,255,16,0,0,0,0,0,True
1,2,100000,300000,4,1,4,uniform,0,0.20928,18792448,4698416,1041456,90200000,90200000,0,245000,55000,44980,256,16,0,0,0,0,0,True
1,3,100000,300000,4,1,0,uniform,0,0.401666,17514496,3656960,0,460800000,460800000,0,0,300000,0,0,16,0,0,0,0,0,True
1,4,100000,300000,4,1,8,uniform,0,0.131351,20283392,5882360,2225400,48245176,48245176,0,272209,27791,25692,256,16,0,0,0,0,0,True
1,1,100000,300000,4,2,4,uniform,0,0.226666,18923520,4698416,1041456,90200000,90200000,0,245000,55000,45006,255,16,1949,0,0,0,54272,True
1,2,100000,300000,4,2,8,uniform,0,0.175763,20496384,5882360,2225400,48245176,48245176,0,272209,27791,25674,256,16,4486,0,0,0,149679,True
1,3,100000,300000,4,2,2,uniform,0,0.302503,18530304,4123832,466872,152550216,152550216,0,204177,95823,64950,250,16,366,0,0,0,10689,True
1,4,100000,300000,4,2,0,uniform,0,0.411817,17547264,3656960,0,460800000,460800000,0,0,300000,0,0,16,0,0,0,0,0,True
1,1,100000,300000,4,2,4,uniform,0,0.0761322,19415040,4698416,1041456,54806976,54806976,0,245000,55000,1668,256,16,1614,1,1617,54930,299555,True
1,2,100000,300000,4,2,8,uniform,0,0.0641635,21118976,5882360,2225400,32012728,32012728,0,272209,27791,1416,256,16,1390,1,1279,27767,299781,True
1,3,100000,300000,4,2,2,uniform,0,0.092476,18710528,4123832,466872,85933128,85933128,0,204177,95823,1931,256,16,1851,1,1917,95617,299336,True
1,4,100000,300000,4,2,0,uniform,0,0.141286,18235392,3656960,0,225091072,225091072,0,0,300000,2886,256,16,2731,1,2886,298704,298704,True
1,1,100000,300000,4,4,0,uniform,0,0.407683,17580032,3656960,0,460800000,460800000,0,0,300000,0,0,16,0,0,0,0,0,True
1,2,100000,300000,4,4,2,uniform,0,0.306391,18579456,4123832,466872,152550216,152550216,0,204177,95823,64779,255,16,355,0,0,0,10457,True
1,3,100000,300000,4,4,8,uniform,0,0.199719,20627456,5882360,2225400,48245176,48245176,0,272209,27791,25678,256,16,4460,0,0,0,149290,True
1,4,100000,300000,4,4,4,uniform,0,0.254253,19349504,4698416,1041456,90200000,90200000,0,245000,55000,44939,256,16,1908,0,0,0,53597,True
1,1,100000,300000,4,4,0,uniform,0,0.155243,18513920,3656960,0,225359104,225359104,0,0,300000,2909,256,16,2759,1,2909,298773,298773,True
1,2,100000,300000,4,4,2,uniform,0,0.103788,19021824,4123832,466872,86060872,86060872,0,204177,95823,1962,256,16,1887,1,1942,95625,299391,True
1,3,100000,300000,4,4,8,uniform,0,0.0751021,21037056,5882360,2225400,32030904,32030904,0,272209,27791,1437,256,16,1404,1,1298,27753,299702,True
1,4,100000,300000,4,4,4,uniform,0,0.0872792,19562496,4698416,1041456,54680000,54680000,0,245000,55000,1631,256,16,1577,1,1592,54901,299528,True
1,1,100000,300000,4,4,2,uniform,1,0.103813,108232704,4123832,466872,86022984,86022984,0,204177,95823,1942,256,16,1882,1,1929,95676,299515,True
1,2,100000,300000,4,4,4,uniform,1,0.0875019,75808768,4698416,1041456,54760896,54760896,0,245000,55000,1642,256,16,1586,1,1599,54917,299534,True
1,3,100000,300000,4,4,0,uniform,1,0.162713,252346368,3656960,0,225481728,225481728,0,0,300000,2908,256,16,2751,1,2908,298657,298657,True
1,4,100000,300000,4,4,8,uniform,1,0.0755399,53854208,5882360,2225400,32077496,32077496,0,272209,27791,1450,256,16,1410,1,1305,27753,299707,True
1,1,100000,300000,4,4,2,uniform,1,0.308374,181862400,4123832,466872,152550216,152550216,0,204177,95823,64952,254,16,332,0,0,0,10150,True
1,2,100000,300000,4,4,4,uniform,1,0.23521,115113984,4698416,1041456,90200000,90200000,0,245000,55000,45040,256,16,1919,0,0,0,53335,True
1,3,100000,300000,4,4,0,uniform,1,0.418066,511934464,3656960,0,460800000,460800000,0,0,300000,0,0,16,0,0,0,0,0,True
1,4,100000,300000,4,4,8,uniform,1,0.189845,71647232,5882360,2225400,48245176,48245176,0,272209,27791,25660,256,16,4418,0,0,0,148568,True
1,1,100000,300000,4,2,8,uniform,1,0.0645368,53837824,5882360,2225400,32099512,32099512,0,272209,27791,1437,256,16,1409,1,1298,27770,299789,True
1,2,100000,300000,4,2,0,uniform,1,0.14458,252575744,3656960,0,225765120,225765120,0,0,300000,2960,256,16,2792,1,2960,298556,298556,True
1,3,100000,300000,4,2,4,uniform,1,0.077851,75726848,4698416,1041456,54780096,54780096,0,245000,55000,1646,256,16,1605,1,1602,54937,299661,True
1,4,100000,300000,4,2,2,uniform,1,0.0905528,107954176,4123832,466872,85888072,85888072,0,204177,95823,1933,256,16,1855,1,1919,95630,299359,True
1,1,100000,300000,4,2,8,uniform,1,0.169459,71581696,5882360,2225400,48245176,48245176,0,272209,27791,25662,256,16,4511,0,0,0,149800,True
1,2,100000,300000,4,2,0,uniform,1,0.408813,511901696,3656960,0,460800000,460800000,0,0,300000,0,0,16,0,0,0,0,0,True
1,3,100000,300000,4,2,4,uniform,1,0.221789,115032064,4698416,1041456,90200000,90200000,0,245000,55000,44967,256,16,1965,0,0,0,54393,True
1,4,100000,300000,4,2,2,uniform,1,0.317091,181796864,4123832,466872,152550216,152550216,0,204177,95823,64906,255,16,348,0,0,0,10362,True
1,1,100000,300000,4,1,4,uniform,1,0.208978,114982912,4698416,1041456,90200000,90200000,0,245000,55000,45082,256,16,0,0,0,0,0,True
1,2,100000,300000,4,1,8,uniform,1,0.129471,71548928,5882360,2225400,48245176,48245176,0,272209,27791,25619,256,16,0,0,0,0,0,True
1,3,100000,300000,4,1,2,uniform,1,0.335511,181731328,4123832,466872,152550216,152550216,0,204177,95823,64988,254,16,0,0,0,0,0,True
1,4,100000,300000,4,1,0,uniform,1,0.462999,511885312,3656960,0,460800000,460800000,0,0,300000,0,0,16,0,0,0,0,0,True
1,1,100000,300000,4,1,4,uniform,1,0.055063,75726848,4698416,1041456,54869440,54869440,0,245000,55000,1664,256,16,0,1,1608,0,0,True
1,2,100000,300000,4,1,8,uniform,1,0.0448247,53690368,5882360,2225400,32085432,32085432,0,272209,27791,1439,256,16,0,1,1298,0,0,True
1,3,100000,300000,4,1,2,uniform,1,0.0680976,107855872,4123832,466872,85905224,85905224,0,204177,95823,1925,256,16,0,1,1908,0,0,True
1,4,100000,300000,4,1,0,uniform,1,0.108317,252313600,3656960,0,225568000,225568000,0,0,300000,2933,256,16,0,1,2933,0,0,True
2,1,100000,300000,4,4,2,uniform,0,0.106001,18989056,4123832,466872,86085192,86085192,0,204177,95823,1947,256,16,1870,1,1927,95632,299353,True
2,2,100000,300000,4,4,4,uniform,0,0.088106,19480576,4698416,1041456,54739136,54739136,0,245000,55000,1660,256,16,1595,1,1606,54915,299529,True
2,3,100000,300000,4,4,0,uniform,0,0.155339,18464768,3656960,0,225439488,225439488,0,0,300000,2904,256,16,2760,1,2904,298797,298797,True
2,4,100000,300000,4,4,8,uniform,0,0.0743419,21037056,5882360,2225400,32023992,32023992,0,272209,27791,1434,256,16,1400,1,1291,27768,299737,True
2,1,100000,300000,4,4,2,uniform,0,0.31201,18628608,4123832,466872,152550216,152550216,0,204177,95823,65075,255,16,366,0,0,0,10674,True
2,2,100000,300000,4,4,4,uniform,0,0.243518,19349504,4698416,1041456,90200000,90200000,0,245000,55000,45049,256,16,1928,0,0,0,53665,True
2,3,100000,300000,4,4,0,uniform,0,0.416878,17580032,3656960,0,460800000,460800000,0,0,300000,0,0,16,0,0,0,0,0,True
2,4,100000,300000,4,4,8,uniform,0,0.196594,20643840,5882360,2225400,48245176,48245176,0,272209,27791,25616,256,16,4509,0,0,0,150306,True
2,1,100000,300000,4,2,8,uniform,0,0.0642428,21118976,5882360,2225400,32060088,32060088,0,272209,27791,1441,256,16,1409,1,1301,27769,299751,True
2,2,100000,300000,4,2,0,uniform,0,0.140783,18268160,3656960,0,225556992,225556992,0,0,300000,2923,256,16,2766,1,2923,298680,298680,True
2,3,100000,300000,4,2,4,uniform,0,0.0774376,19513344,4698416,1041456,54819008,54819008,0,245000,55000,1664,256,16,1607,1,1614,54914,299563,True
2,4,100000,300000,4,2,2,uniform,0,0.0930528,18743296,4123832,466872,86033480,86033480,0,204177,95823,1939,256,16,1863,1,1921,95628,299368,True
2,1,100000,300000,4,2,8,uniform,0,0.175798,20578304,5882360,2225400,48245176,48245176,0,272209,27791,25648,256,16,4474,0,0,0,149410,True
2,2,100000,300000,4,2,0,uniform,0,0.401579,17530880,3656960,0,460800000,460800000,0,0,300000,0,0,16,0,0,0,0,0,True
2,3,100000,300000,4,2,4,uniform,0,0.237687,18923520,4698416,1041456,90200000,90200000,0,245000,55000,45020,256,16,1915,0,0,0,53619,True
2,4,100000,300000,4,2,2,uniform,0,0.315435,18513920,4123832,466872,152550216,152550216,0,204177,95823,64869,252,16,365,0,0,0,10659,True
2,1,100000,300000,4,1,4,uniform,0,0.227293,18808832,4698416,1041456,90200000,90200000,0,245000,55000,45100,256,16,0,0,0,0,0,True
2,2,100000,300000,4,1,8,uniform,0,0.132164,20316160,5882360,2225400,48245176,48245176,0,272209,27791,25716,256,16,0,0,0,0,0,True
2,3,100000,300000,4,1,2,uniform,0,0.319433,18137088,4123832,466872,152550216,152550216,0,204177,95823,65033,227,16,0,0,0,0,0,True
2,4,100000,300000,4,1,0,uniform,0,0.429468,17530880,3656960,0,460800000,460800000,0,0,300000,0,0,16,0,0,0,0,0,True
2,1,100000,300000,4,1,4,uniform,0,0.0591602,19152896,4698416,1041456,54848960,54848960,0,245000,55000,1663,256,16,0,1,1621,0,0,True
2,2,100000,300000,4,1,8,uniform,0,0.0442581,20611072,5882360,2225400,32058808,32058808,0,272209,27791,1431,256,16,0,1,1294,0,0,True
2,3,100000,300000,4,1,2,uniform,0,0.0649207,18432000,4123832,466872,85881928,85881928,0,204177,95823,1933,256,16,0,1,1921,0,0,True
2,4,100000,300000,4,1,0,uniform,0,0.0985552,18087936,3656960,0,225260544,225260544,0,0,300000,2909,256,16,0,1,2909,0,0,True
2,1,100000,300000,4,1,8,uniform,1,0.044454,53706752,5882360,2225400,32084920,32084920,0,272209,27791,1439,256,16,0,1,1296,0,0,True
2,2,100000,300000,4,1,0,uniform,1,0.109977,252116992,3656960,0,225376000,225376000,0,0,300000,2921,256,16,0,1,2921,0,0,True
2,3,100000,300000,4,1,4,uniform,1,0.0550729,75759616,4698416,1041456,54851008,54851008,0,245000,55000,1655,256,16,0,1,1609,0,0,True
2,4,100000,300000,4,1,2,uniform,1,0.0672989,108118016,4123832,466872,86109768,86109768,0,204177,95823,1969,256,16,0,1,1947,0,0,True
2,1,100000,300000,4,1,8,uniform,1,0.133739,71548928,5882360,2225400,48245176,48245176,0,272209,27791,25665,256,16,0,0,0,0,0,True
2,2,100000,300000,4,1,0,uniform,1,0.427824,511885312,3656960,0,460800000,460800000,0,0,300000,0,0,16,0,0,0,0,0,True
2,3,100000,300000,4,1,4,uniform,1,0.209934,114982912,4698416,1041456,90200000,90200000,0,245000,55000,44932,256,16,0,0,0,0,0,True
2,4,100000,300000,4,1,2,uniform,1,0.301299,181731328,4123832,466872,152550216,152550216,0,204177,95823,64850,254,16,0,0,0,0,0,True
2,1,100000,300000,4,2,0,uniform,1,0.423806,511901696,3656960,0,460800000,460800000,0,0,300000,0,0,16,0,0,0,0,0,True
2,2,100000,300000,4,2,2,uniform,1,0.303214,181796864,4123832,466872,152550216,152550216,0,204177,95823,64785,252,16,365,0,0,0,10678,True
2,3,100000,300000,4,2,8,uniform,1,0.173229,71598080,5882360,2225400,48245176,48245176,0,272209,27791,25653,256,16,4486,0,0,0,149404,True
2,4,100000,300000,4,2,4,uniform,1,0.226054,115032064,4698416,1041456,90200000,90200000,0,245000,55000,45031,256,16,1920,0,0,0,53693,True
2,1,100000,300000,4,2,0,uniform,1,0.143573,251887616,3656960,0,225075968,225075968,0,0,300000,2890,256,16,2736,1,2890,298750,298750,True
2,2,100000,300000,4,2,2,uniform,1,0.091721,107905024,4123832,466872,85878600,85878600,0,204177,95823,1934,256,16,1846,1,1909,95609,299294,True
2,3,100000,300000,4,2,8,uniform,1,0.0660366,53805056,5882360,2225400,32122296,32122296,0,272209,27791,1439,256,16,1413,1,1298,27776,299829,True
2,4,100000,300000,4,2,4,uniform,1,0.077254,75759616,4698416,1041456,54784192,54784192,0,245000,55000,1637,256,16,1597,1,1597,54941,299670,True
2,1,100000,300000,4,4,4,uniform,1,0.232725,115097600,4698416,1041456,90200000,90200000,0,245000,55000,45030,256,16,1913,0,0,0,53425,True
2,2,100000,300000,4,4,8,uniform,1,0.193669,71680000,5882360,2225400,48245176,48245176,0,272209,27791,25667,256,16,4405,0,0,0,148455,True
2,3,100000,300000,4,4,2,uniform,1,0.305211,181862400,4123832,466872,152550216,152550216,0,204177,95823,64958,252,16,350,0,0,0,10569,True
2,4,100000,300000,4,4,0,uniform,1,0.412848,511934464,3656960,0,460800000,460800000,0,0,300000,0,0,16,0,0,0,0,0,True
2,1,100000,300000,4,4,4,uniform,1,0.0885932,75857920,4698416,1041456,54825664,54825664,0,245000,55000,1676,256,16,1634,1,1636,54939,299665,True
2,2,100000,300000,4,4,8,uniform,1,0.0761628,53919744,5882360,2225400,32095160,32095160,0,272209,27791,1447,256,16,1411,1,1310,27758,299704,True
2,3,100000,300000,4,4,2,uniform,1,0.103457,108265472,4123832,466872,86024520,86024520,0,204177,95823,1960,256,16,1881,1,1951,95621,299323,True
2,4,100000,300000,4,4,0,uniform,1,0.162915,252149760,3656960,0,225282304,225282304,0,0,300000,2907,256,16,2742,1,2907,298666,298666,True
3,1,100000,300000,4,1,8,uniform,0,0.0455921,20627456,5882360,2225400,32071352,32071352,0,272209,27791,1447,256,16,0,1,1316,0,0,True
3,2,100000,300000,4,1,0,uniform,0,0.098582,18038784,3656960,0,224807936,224807936,0,0,300000,2865,256,16,0,1,2865,0,0,True
3,3,100000,300000,4,1,4,uniform,0,0.0550059,19202048,4698416,1041456,54726336,54726336,0,245000,55000,1662,256,16,0,1,1619,0,0,True
3,4,100000,300000,4,1,2,uniform,0,0.0633144,18464768,4123832,466872,85878344,85878344,0,204177,95823,1951,256,16,0,1,1934,0,0,True
3,1,100000,300000,4,1,8,uniform,0,0.138022,20299776,5882360,2225400,48245176,48245176,0,272209,27791,25610,256,16,0,0,0,0,0,True
3,2,100000,300000,4,1,0,uniform,0,0.40422,17530880,3656960,0,460800000,460800000,0,0,300000,0,0,16,0,0,0,0,0,True
3,3,100000,300000,4,1,4,uniform,0,0.20438,18776064,4698416,1041456,90200000,90200000,0,245000,55000,45083,256,16,0,0,0,0,0,True
3,4,100000,300000,4,1,2,uniform,0,0.310828,18120704,4123832,466872,152550216,152550216,0,204177,95823,64956,253,16,0,0,0,0,0,True
3,1,100000,300000,4,2,0,uniform,0,0.405288,17580032,3656960,0,460800000,460800000,0,0,300000,0,0,16,0,0,0,0,0,True
3,2,100000,300000,4,2,2,uniform,0,0.299794,18530304,4123832,466872,152550216,152550216,0,204177,95823,65007,254,16,340,0,0,0,10283,True
3,3,100000,300000,4,2,8,uniform,0,0.177283,20594688,5882360,2225400,48245176,48245176,0,272209,27791,25652,256,16,4481,0,0,0,150143,True
3,4,100000,300000,4,2,4,uniform,0,0.229565,18923520,4698416,1041456,90200000,90200000,0,245000,55000,44991,256,16,1910,0,0,0,53454,True
3,1,100000,300000,4,2,0,uniform,0,0.139944,18219008,3656960,0,225082112,225082112,0,0,300000,2896,256,16,2753,1,2896,298822,298822,True
3,2,100000,300000,4,2,2,uniform,0,0.0928245,18857984,4123832,466872,86072136,86072136,0,204177,95823,1983,256,16,1892,1,1952,95631,299289,True
3,3,100000,300000,4,2,8,uniform,0,0.0660857,21069824,5882360,2225400,32096440,32096440,0,272209,27791,1441,256,16,1414,1,1301,27773,299773,True
3,4,100000,300000,4,2,4,uniform,0,0.0774159,19447808,4698416,1041456,54618304,54618304,0,245000,55000,1627,256,16,1567,1,1579,54917,299539,True
3,1,100000,300000,4,4,4,uniform,0,0.242005,19365888,4698416,1041456,90200000,90200000,0,245000,55000,44974,255,16,1967,0,0,0,54574,True
3,2,100000,300000,4,4,8,uniform,0,0.199776,20643840,5882360,2225400,48245176,48245176,0,272209,27791,25683,256,16,4490,0,0,0,149667,True
3,3,100000,300000,4,4,2,uniform,0,0.320179,18595840,4123832,466872,152550216,152550216,0,204177,95823,65043,255,16,330,0,0,0,10051,True
3,4,100000,300000,4,4,0,uniform,0,0.409118,17563648,3656960,0,460800000,460800000,0,0,300000,0,0,16,0,0,0,0,0,True
3,1,100000,300000,4,4,4,uniform,0,0.0867737,19513344,4698416,1041456,54778304,54778304,0,245000,55000,1653,256,16,1599,1,1608,54920,299548,True
3,2,100000,300000,4,4,8,uniform,0,0.0747265,21118976,5882360,2225400,32085944,32085944,0,272209,27791,1447,256,16,1413,1,1303,27766,299712,True
3,3,100000,300000,4,4,2,uniform,0,0.103196,19038208,4123832,466872,85831240,85831240,0,204177,95823,1927,256,16,1850,1,1903,95671,299419,True
3,4,100000,300000,4,4,0,uniform,0,0.155256,18350080,3656960,0,224863488,224863488,0,0,300000,2881,256,16,2726,1,2881,298713,298713,True
3,1,100000,300000,4,4,8,uniform,1,0.0751461,53903360,5882360,2225400,32105912,32105912,0,272209,27791,1449,256,16,1418,1,1305,27769,299758,True
3,2,100000,300000,4,4,0,uniform,1,0.162153,251920384,3656960,0,225012992,225012992,0,0,300000,2887,256,16,2725,1,2887,298669,298669,True
3,3,100000,300000,4,4,4,uniform,1,0.0889031,75874304,4698416,1041456,54812608,54812608,0,245000,55000,1657,256,16,1605,1,1612,54916,299591,True
3,4,100000,300000,4,4,2,uniform,1,0.10333,108183552,4123832,466872,85980488,85980488,0,204177,95823,1937,256,16,1867,1,1921,95669,299439,True
3,1,100000,300000,4,4,8,uniform,1,0.194587,71663616,5882360,2225400,48245176,48245176,0,272209,27791,25690,256,16,4479,0,0,0,149786,True
3,2,100000,300000,4,4,0,uniform,1,0.424659,511934464,3656960,0,460800000,460800000,0,0,300000,0,0,16,0,0,0,0,0,True
3,3,100000,300000,4,4,4,uniform,1,0.238955,115097600,4698416,1041456,90200000,90200000,0,245000,55000,44968,255,16,1962,0,0,0,54420,True
3,4,100000,300000,4,4,2,uniform,1,0.329748,181862400,4123832,466872,152550216,152550216,0,204177,95823,64919,254,16,348,0,0,0,10344,True
3,1,100000,300000,4,2,2,uniform,1,0.0927265,108085248,4123832,466872,86024008,86024008,0,204177,95823,1930,256,16,1872,1,1913,95684,299517,True
3,2,100000,300000,4,2,4,uniform,1,0.0779202,75743232,4698416,1041456,54798272,54798272,0,245000,55000,1664,256,16,1604,1,1613,54919,299524,True
3,3,100000,300000,4,2,0,uniform,1,0.145638,252166144,3656960,0,225352960,225352960,0,0,300000,2915,256,16,2759,1,2915,298680,298680,True
3,4,100000,300000,4,2,8,uniform,1,0.0653424,53739520,5882360,2225400,32033976,32033976,0,272209,27791,1421,256,16,1386,1,1280,27763,299710,True
3,1,100000,300000,4,2,2,uniform,1,0.308974,181796864,4123832,466872,152550216,152550216,0,204177,95823,65013,250,16,346,0,0,0,10335,True
3,2,100000,300000,4,2,4,uniform,1,0.227028,115032064,4698416,1041456,90200000,90200000,0,245000,55000,45078,256,16,1975,0,0,0,54485,True
3,3,100000,300000,4,2,0,uniform,1,0.459064,511901696,3656960,0,460800000,460800000,0,0,300000,0,0,16,0,0,0,0,0,True
3,4,100000,300000,4,2,8,uniform,1,0.171917,71598080,5882360,2225400,48245176,48245176,0,272209,27791,25706,256,16,4457,0,0,0,149141,True
3,1,100000,300000,4,1,0,uniform,1,0.427207,511885312,3656960,0,460800000,460800000,0,0,300000,0,0,16,0,0,0,0,0,True
3,2,100000,300000,4,1,2,uniform,1,0.302759,181731328,4123832,466872,152550216,152550216,0,204177,95823,64908,252,16,0,0,0,0,0,True
3,3,100000,300000,4,1,8,uniform,1,0.132369,71548928,5882360,2225400,48245176,48245176,0,272209,27791,25719,256,16,0,0,0,0,0,True
3,4,100000,300000,4,1,4,uniform,1,0.205744,114982912,4698416,1041456,90200000,90200000,0,245000,55000,45002,256,16,0,0,0,0,0,True
3,1,100000,300000,4,1,0,uniform,1,0.110111,252133376,3656960,0,225360384,225360384,0,0,300000,2906,256,16,0,1,2906,0,0,True
3,2,100000,300000,4,1,2,uniform,1,0.067628,108003328,4123832,466872,86029896,86029896,0,204177,95823,1966,256,16,0,1,1944,0,0,True
3,3,100000,300000,4,1,8,uniform,1,0.0482025,53723136,5882360,2225400,32099512,32099512,0,272209,27791,1448,256,16,0,1,1307,0,0,True
3,4,100000,300000,4,1,4,uniform,1,0.0565741,75759616,4698416,1041456,54852544,54852544,0,245000,55000,1666,256,16,0,1,1622,0,0,True
