run,order,records,updates,clients,wait_each,native_pipeline,local_probe,blocked_probes,pipeline_threads,workers,slots,pattern,pinned,elapsed_seconds,peak_rss_bytes,live_requested_bytes,sidecar_bytes,retired_bytes,reclaimed_bytes,retired_nodes,pending_bytes,appended_updates,cow_updates,append_waves,max_wave_groups,parallel_min_groups,parallel_waves,parallel_materialization,materialization_waves,parallel_materializations,parallel_updates,profile,queue_ns,plan_ns,inline_leaf_ns,parallel_wave_ns,merge_retire_ns,publish_ns,gc_ns,serial_cow_ns,worker_loop_ns,worker_wakeups,reference_ok
1,0,100000,300000,4,0,True,1,232085,4,1,4,hot,0,0.249311,35864576,4731384,1074424,362592872,362592872,1409358,0,65107,234893,0,0,16,0,0,0,0,0,0,0,0,0,0,0,0,0,0,0,0,True
1,1,100000,300000,4,0,True,1,4498,4,1,2,uniform,1,0.164896,201228288,4125232,468272,154921384,154921384,584196,0,202634,97366,0,0,16,0,0,0,0,0,0,0,0,0,0,0,0,0,0,0,0,True
1,2,100000,300000,4,0,True,1,200734,4,1,8,hot,0,0.219884,36732928,5874160,2217200,313332600,313332600,1212150,0,97975,202025,0,0,16,0,0,0,0,0,0,0,0,0,0,0,0,0,0,0,0,True
1,3,100000,300000,4,0,True,1,4390,4,2,2,uniform,1,0.174326,201244672,4121760,464800,154875112,154875112,584010,0,202665,97335,0,0,16,0,0,0,0,0,0,0,0,0,0,0,0,0,0,0,0,True
1,4,100000,300000,4,0,True,1,0,4,4,0,hot,0,0.310559,37601280,3656960,0,460800000,460800000,1800000,0,0,300000,0,0,16,0,0,0,0,0,0,0,0,0,0,0,0,0,0,0,0,True
1,5,100000,300000,4,0,True,0,299643,4,1,8,hot,1,0.26424,528302080,3659960,3000,460277728,460277728,1797888,0,352,299648,0,0,16,0,0,0,0,0,0,0,0,0,0,0,0,0,0,0,0,True
1,6,100000,300000,4,0,True,0,278386,4,2,4,uniform,0,0.238214,40960000,3919040,262080,429139952,429139952,1670352,0,21608,278392,0,0,16,0,0,0,0,0,0,0,0,0,0,0,0,0,0,0,0,True
1,7,100000,300000,4,0,True,1,1280,4,1,8,uniform,1,0.136847,89620480,5873960,2217000,49302784,49302784,170514,0,271581,28419,0,0,16,0,0,0,0,0,0,0,0,0,0,0,0,0,0,0,0,True
1,8,100000,300000,4,0,True,0,250962,4,2,8,uniform,1,0.223107,454017024,3658560,1600,390842040,390842040,1505790,0,49035,250965,0,0,16,0,0,0,0,0,0,0,0,0,0,0,0,0,0,0,0,True
1,9,100000,300000,4,0,True,0,299902,4,2,4,hot,0,0.28324,34799616,3657064,104,460660608,460660608,1799436,0,94,299906,0,0,16,0,0,0,0,0,0,0,0,0,0,0,0,0,0,0,0,True
1,10,100000,300000,4,0,True,0,299684,4,2,8,hot,1,0.269113,528433152,3660760,3800,460338704,460338704,1798134,0,311,299689,0,0,16,0,0,0,0,0,0,0,0,0,0,0,0,0,0,0,0,True
1,11,100000,300000,4,0,True,1,168273,4,1,8,hot,1,0.211401,322486272,5887160,2230200,266129184,266129184,1022064,0,129656,170344,0,0,16,0,0,0,0,0,0,0,0,0,0,0,0,0,0,0,0,True
1,12,100000,300000,4,0,True,0,299950,4,2,2,hot,1,0.272263,528842752,3657072,112,460732784,460732784,1799730,0,45,299955,0,0,16,0,0,0,0,0,0,0,0,0,0,0,0,0,0,0,0,True
1,13,100000,300000,4,0,True,0,299925,4,4,2,hot,0,0.315914,34996224,3657016,56,460696704,460696704,1799586,0,69,299931,0,0,16,0,0,0,0,0,0,0,0,0,0,0,0,0,0,0,0,True
1,14,100000,300000,4,0,True,1,4419,4,1,2,uniform,0,0.159278,35504128,4116048,459088,154973760,154973760,584382,0,202603,97397,0,0,16,0,0,0,0,0,0,0,0,0,0,0,0,0,0,0,0,True
1,15,100000,300000,4,0,True,1,246570,4,1,2,hot,0,0.26021,35160064,4118288,461328,392218208,392218208,1527492,0,45418,254582,0,0,16,0,0,0,0,0,0,0,0,0,0,0,0,0,0,0,0,True
1,16,100000,300000,4,0,True,0,299916,4,4,2,hot,1,0.339441,528891904,3657016,56,460688048,460688048,1799550,0,75,299925,0,0,16,0,0,0,0,0,0,0,0,0,0,0,0,0,0,0,0,True
1,17,100000,300000,4,0,True,0,280168,4,4,4,uniform,1,0.244452,498024448,3656960,0,432000344,432000344,1681044,0,19826,280174,0,0,16,0,0,0,0,0,0,0,0,0,0,0,0,0,0,0,0,True
1,18,100000,300000,4,0,True,0,207879,4,4,8,uniform,0,0.248625,44154880,4322960,666000,328115760,328115760,1247310,0,92115,207885,0,0,16,0,0,0,0,0,0,0,0,0,0,0,0,0,0,0,0,True
1,19,100000,300000,4,0,True,1,1338,4,2,8,uniform,0,0.152348,37617664,5869360,2212400,49365880,49365880,170730,0,271545,28455,0,0,16,0,0,0,0,0,0,0,0,0,0,0,0,0,0,0,0,True
1,20,100000,300000,4,0,True,0,299918,4,1,2,hot,0,0.276124,34717696,3657016,56,460687880,460687880,1799550,0,75,299925,0,0,16,0,0,0,0,0,0,0,0,0,0,0,0,0,0,0,0,True
1,21,100000,300000,4,0,True,0,299689,4,4,8,hot,1,0.330293,528498688,3657560,600,460347984,460347984,1798164,0,306,299694,0,0,16,0,0,0,0,0,0,0,0,0,0,0,0,0,0,0,0,True
1,22,100000,300000,4,0,True,1,203798,4,2,4,hot,1,0.236288,381583360,4736376,1079416,322592632,322592632,1248540,0,91910,208090,0,0,16,0,0,0,0,0,0,0,0,0,0,0,0,0,0,0,0,True
1,23,100000,300000,4,0,True,1,2519,4,1,4,uniform,0,0.151619,35930112,4690304,1033344,91898632,91898632,336396,0,243934,56066,0,0,16,0,0,0,0,0,0,0,0,0,0,0,0,0,0,0,0,True
1,24,100000,300000,4,0,True,1,2581,4,4,4,uniform,1,0.183369,133955584,4695088,1038128,91963512,91963512,336660,0,243890,56110,0,0,16,0,0,0,0,0,0,0,0,0,0,0,0,0,0,0,0,True
1,25,100000,300000,4,0,True,1,225116,4,2,2,hot,1,0.251835,425590784,4120136,463176,364007344,364007344,1414506,0,64249,235751,0,0,16,0,0,0,0,0,0,0,0,0,0,0,0,0,0,0,0,True
1,26,100000,300000,4,0,True,0,299677,4,4,4,hot,1,0.319691,528547840,3657792,832,460336472,460336472,1798128,0,312,299688,0,0,16,0,0,0,0,0,0,0,0,0,0,0,0,0,0,0,0,True
1,27,100000,300000,4,0,True,0,299756,4,1,4,hot,1,0.284886,528531456,3657792,832,460450688,460450688,1798590,0,235,299765,0,0,16,0,0,0,0,0,0,0,0,0,0,0,0,0,0,0,0,True
1,28,100000,300000,4,0,True,1,217771,4,1,2,hot,1,0.213322,415137792,4119744,462784,354299560,354299560,1375638,0,70727,229273,0,0,16,0,0,0,0,0,0,0,0,0,0,0,0,0,0,0,0,True
1,29,100000,300000,4,0,True,1,196136,4,2,8,hot,0,0.232429,36683776,5874760,2217800,306640640,306640640,1185240,0,102460,197540,0,0,16,0,0,0,0,0,0,0,0,0,0,0,0,0,0,0,0,True
1,30,100000,300000,4,0,True,0,298812,4,1,2,uniform,0,0.270653,35258368,3656960,0,459043264,459043264,1792884,0,1186,298814,0,0,16,0,0,0,0,0,0,0,0,0,0,0,0,0,0,0,0,True
1,31,100000,300000,4,0,True,0,271472,4,1,4,uniform,1,0.252321,484327424,3657688,728,419378256,419378256,1628868,0,28522,271478,0,0,16,0,0,0,0,0,0,0,0,0,0,0,0,0,0,0,0,True
1,32,100000,300000,4,0,True,0,276517,4,2,4,uniform,1,0.234682,492273664,3656960,0,426727136,426727136,1659150,0,23475,276525,0,0,16,0,0,0,0,0,0,0,0,0,0,0,0,0,0,0,0,True
1,33,100000,300000,4,0,True,1,202061,4,4,4,hot,1,0.253423,379092992,4736896,1079936,320128728,320128728,1238592,0,93568,206432,0,0,16,0,0,0,0,0,0,0,0,0,0,0,0,0,0,0,0,True
1,34,100000,300000,4,0,True,1,0,4,1,0,uniform,0,0.242036,38715392,3656960,0,460800000,460800000,1800000,0,0,300000,0,0,16,0,0,0,0,0,0,0,0,0,0,0,0,0,0,0,0,True
1,35,100000,300000,4,0,True,1,244097,4,2,2,hot,0,0.269568,35192832,4118232,461272,388968184,388968184,1514484,0,47586,252414,0,0,16,0,0,0,0,0,0,0,0,0,0,0,0,0,0,0,0,True
1,36,100000,300000,4,0,True,1,0,4,4,0,hot,1,0.301366,528941056,3656960,0,460800000,460800000,1800000,0,0,300000,0,0,16,0,0,0,0,0,0,0,0,0,0,0,0,0,0,0,0,True
1,37,100000,300000,4,0,True,0,299961,4,2,2,hot,0,0.292719,34832384,3656960,0,460746272,460746272,1799784,0,36,299964,0,0,16,0,0,0,0,0,0,0,0,0,0,0,0,0,0,0,0,True
1,38,100000,300000,4,0,True,0,278326,4,1,8,uniform,0,0.258175,37027840,3656960,0,429691608,429691608,1669968,0,21672,278328,0,0,16,0,0,0,0,0,0,0,0,0,0,0,0,0,0,0,0,True
1,39,100000,300000,4,0,True,0,296440,4,2,2,uniform,0,0.258917,40091648,3669840,12880,455519168,455519168,1778670,0,3555,296445,0,0,16,0,0,0,0,0,0,0,0,0,0,0,0,0,0,0,0,True
1,40,100000,300000,4,0,True,0,293184,4,4,2,uniform,1,0.285094,518144000,3702488,45528,450668096,450668096,1759164,0,6806,293194,0,0,16,0,0,0,0,0,0,0,0,0,0,0,0,0,0,0,0,True
1,41,100000,300000,4,0,True,1,4398,4,2,2,uniform,0,0.181421,35618816,4118008,461048,154931104,154931104,584232,0,202628,97372,0,0,16,0,0,0,0,0,0,0,0,0,0,0,0,0,0,0,0,True
1,42,100000,300000,4,0,True,0,299333,4,4,8,hot,0,0.315542,35160064,3661760,4800,459823648,459823648,1796058,0,657,299343,0,0,16,0,0,0,0,0,0,0,0,0,0,0,0,0,0,0,0,True
1,43,100000,300000,4,0,True,0,284449,4,4,4,uniform,0,0.276074,38731776,3690032,33072,438235824,438235824,1706718,0,15547,284453,0,0,16,0,0,0,0,0,0,0,0,0,0,0,0,0,0,0,0,True
1,44,100000,300000,4,0,True,1,1344,4,2,8,uniform,1,0.134874,89767936,5871560,2214600,49356872,49356872,170712,0,271548,28452,0,0,16,0,0,0,0,0,0,0,0,0,0,0,0,0,0,0,0,True
1,45,100000,300000,4,0,True,1,191719,4,4,8,hot,0,0.252908,38912000,5875760,2218800,300189368,300189368,1159428,0,106762,193238,0,0,16,0,0,0,0,0,0,0,0,0,0,0,0,0,0,0,0,True
1,46,100000,300000,4,0,True,1,2570,4,2,4,uniform,0,0.156536,35979264,4695192,1038232,91885464,91885464,336360,0,243940,56060,0,0,16,0,0,0,0,0,0,0,0,0,0,0,0,0,0,0,0,True
1,47,100000,300000,4,0,True,0,225221,4,4,8,uniform,1,0.246175,414744576,4757360,1100400,352898136,352898136,1351356,0,74774,225226,0,0,16,0,0,0,0,0,0,0,0,0,0,0,0,0,0,0,0,True
1,48,100000,300000,4,0,True,1,0,4,2,0,uniform,0,0.229885,42106880,3656960,0,460800000,460800000,1800000,0,0,300000,0,0,16,0,0,0,0,0,0,0,0,0,0,0,0,0,0,0,0,True
1,49,100000,300000,4,0,True,0,299788,4,1,4,hot,0,0.282987,34783232,3657584,624,460497264,460497264,1798776,0,204,299796,0,0,16,0,0,0,0,0,0,0,0,0,0,0,0,0,0,0,0,True
1,50,100000,300000,4,0,True,0,298509,4,1,2,uniform,1,0.247968,526450688,3657296,336,458593312,458593312,1791066,0,1489,298511,0,0,16,0,0,0,0,0,0,0,0,0,0,0,0,0,0,0,0,True
1,51,100000,300000,4,0,True,0,291459,4,2,2,uniform,1,0.232694,515293184,3658024,1064,448159904,448159904,1748844,0,8526,291474,0,0,16,0,0,0,0,0,0,0,0,0,0,0,0,0,0,0,0,True
1,52,100000,300000,4,0,True,1,0,4,4,0,uniform,1,0.245567,528941056,3656960,0,460800000,460800000,1800000,0,0,300000,0,0,16,0,0,0,0,0,0,0,0,0,0,0,0,0,0,0,0,True
1,53,100000,300000,4,0,True,1,0,4,1,0,uniform,1,0.211231,528826368,3656960,0,460800000,460800000,1800000,0,0,300000,0,0,16,0,0,0,0,0,0,0,0,0,0,0,0,0,0,0,0,True
1,54,100000,300000,4,0,True,1,1279,4,1,8,uniform,0,0.127349,37519360,5877360,2220400,49276536,49276536,170406,0,271599,28401,0,0,16,0,0,0,0,0,0,0,0,0,0,0,0,0,0,0,0,True
1,55,100000,300000,4,0,True,1,2610,4,1,4,uniform,1,0.149853,133791744,4697168,1040208,91931544,91931544,336540,0,243910,56090,0,0,16,0,0,0,0,0,0,0,0,0,0,0,0,0,0,0,0,True
1,56,100000,300000,4,0,True,1,166355,4,4,8,hot,1,0.237747,319537152,5881360,2224400,263290112,263290112,1010802,0,131533,168467,0,0,16,0,0,0,0,0,0,0,0,0,0,0,0,0,0,0,0,True
1,57,100000,300000,4,0,True,1,225559,4,2,4,hot,0,0.249412,35848192,4731280,1074320,353360568,353360568,1372182,0,71303,228697,0,0,16,0,0,0,0,0,0,0,0,0,0,0,0,0,0,0,0,True
1,58,100000,300000,4,0,True,0,299674,4,4,4,hot,0,0.322851,35143680,3657584,624,460332488,460332488,1798110,0,315,299685,0,0,16,0,0,0,0,0,0,0,0,0,0,0,0,0,0,0,0,True
1,59,100000,300000,4,0,True,1,0,4,2,0,hot,0,0.257874,38584320,3656960,0,460800000,460800000,1800000,0,0,300000,0,0,16,0,0,0,0,0,0,0,0,0,0,0,0,0,0,0,0,True
1,60,100000,300000,4,0,True,1,223102,4,4,4,hot,0,0.267261,36487168,4732840,1075880,349874984,349874984,1358226,0,73629,226371,0,0,16,0,0,0,0,0,0,0,0,0,0,0,0,0,0,0,0,True
1,61,100000,300000,4,0,True,1,2632,4,2,4,uniform,1,0.160788,133922816,4695192,1038232,91991312,91991312,336756,0,243874,56126,0,0,16,0,0,0,0,0,0,0,0,0,0,0,0,0,0,0,0,True
1,62,100000,300000,4,0,True,1,0,4,1,0,hot,1,0.265917,528826368,3656960,0,460800000,460800000,1800000,0,0,300000,0,0,16,0,0,0,0,0,0,0,0,0,0,0,0,0,0,0,0,True
1,63,100000,300000,4,0,True,1,4430,4,4,2,uniform,1,0.19675,201408512,4119912,462952,154916608,154916608,584178,0,202637,97363,0,0,16,0,0,0,0,0,0,0,0,0,0,0,0,0,0,0,0,True
1,64,100000,300000,4,0,True,0,255648,4,2,8,uniform,0,0.238259,40288256,3656960,0,396896136,396896136,1533906,0,44349,255651,0,0,16,0,0,0,0,0,0,0,0,0,0,0,0,0,0,0,0,True
1,65,100000,300000,4,0,True,1,225286,4,4,2,hot,1,0.282563,425836544,4118568,461608,364125000,364125000,1414968,0,64172,235828,0,0,16,0,0,0,0,0,0,0,0,0,0,0,0,0,0,0,0,True
1,66,100000,300000,4,0,True,1,1296,4,4,8,uniform,0,0.162295,37699584,5876360,2219400,49322344,49322344,170574,0,271571,28429,0,0,16,0,0,0,0,0,0,0,0,0,0,0,0,0,0,0,0,True
1,67,100000,300000,4,0,True,1,0,4,1,0,hot,0,0.266438,34717696,3656960,0,460800000,460800000,1800000,0,0,300000,0,0,16,0,0,0,0,0,0,0,0,0,0,0,0,0,0,0,0,True
1,68,100000,300000,4,0,True,0,287781,4,1,4,uniform,0,0.258701,36126720,3658208,1248,443042864,443042864,1726698,0,12217,287783,0,0,16,0,0,0,0,0,0,0,0,0,0,0,0,0,0,0,0,True
1,69,100000,300000,4,0,True,1,242046,4,4,2,hot,0,0.304053,35225600,4117952,460992,386223856,386223856,1503468,0,49422,250578,0,0,16,0,0,0,0,0,0,0,0,0,0,0,0,0,0,0,0,True
1,70,100000,300000,4,0,True,0,244828,4,1,8,uniform,1,0.245346,444121088,4008760,351800,381314416,381314416,1468986,0,55169,244831,0,0,16,0,0,0,0,0,0,0,0,0,0,0,0,0,0,0,0,True
1,71,100000,300000,4,0,True,1,0,4,2,0,uniform,1,0.2279,528875520,3656960,0,460800000,460800000,1800000,0,0,300000,0,0,16,0,0,0,0,0,0,0,0,0,0,0,0,0,0,0,0,True
1,72,100000,300000,4,0,True,0,299883,4,1,2,hot,1,0.256836,528711680,3656960,0,460641664,460641664,1799364,0,106,299894,0,0,16,0,0,0,0,0,0,0,0,0,0,0,0,0,0,0,0,True
1,73,100000,300000,4,0,True,0,299629,4,2,4,hot,1,0.27634,528334848,3657584,624,460267376,460267376,1797852,0,358,299642,0,0,16,0,0,0,0,0,0,0,0,0,0,0,0,0,0,0,0,True
1,74,100000,300000,4,0,True,1,2594,4,4,4,uniform,0,0.163381,36028416,4692904,1035944,91931544,91931544,336540,0,243910,56090,0,0,16,0,0,0,0,0,0,0,0,0,0,0,0,0,0,0,0,True
1,75,100000,300000,4,0,True,1,4453,4,4,2,uniform,0,0.1972,35684352,4118456,461496,154912480,154912480,584154,0,202641,97359,0,0,16,0,0,0,0,0,0,0,0,0,0,0,0,0,0,0,0,True
1,76,100000,300000,4,0,True,0,299402,4,1,8,hot,0,0.276388,34766848,3660760,3800,459926896,459926896,1796466,0,589,299411,0,0,16,0,0,0,0,0,0,0,0,0,0,0,0,0,0,0,0,True
1,77,100000,300000,4,0,True,1,0,4,2,0,hot,1,0.265818,528875520,3656960,0,460800000,460800000,1800000,0,0,300000,0,0,16,0,0,0,0,0,0,0,0,0,0,0,0,0,0,0,0,True
1,78,100000,300000,4,0,True,1,0,4,4,0,uniform,0,0.245535,48283648,3656960,0,460800000,460800000,1800000,0,0,300000,0,0,16,0,0,0,0,0,0,0,0,0,0,0,0,0,0,0,0,True
1,79,100000,300000,4,0,True,1,206012,4,1,4,hot,1,0.222571,384843776,4736480,1079520,325673464,325673464,1260906,0,89849,210151,0,0,16,0,0,0,0,0,0,0,0,0,0,0,0,0,0,0,0,True
1,80,100000,300000,4,0,True,1,159531,4,2,8,hot,1,0.202968,308903936,5884960,2228000,253418768,253418768,971028,0,138162,161838,0,0,16,0,0,0,0,0,0,0,0,0,0,0,0,0,0,0,0,True
1,81,100000,300000,4,0,True,0,297427,4,4,2,uniform,0,0.28362,40861696,3658360,1400,456992168,456992168,1784586,0,2569,297431,0,0,16,0,0,0,0,0,0,0,0,0,0,0,0,0,0,0,0,True
1,82,100000,300000,4,0,True,1,1326,4,4,8,uniform,1,0.16824,89767936,5873360,2216400,49315728,49315728,170538,0,271577,28423,0,0,16,0,0,0,0,0,0,0,0,0,0,0,0,0,0,0,0,True
1,83,100000,300000,4,0,True,0,299511,4,2,8,hot,0,0.277014,35340288,3659760,2800,460084448,460084448,1797108,0,482,299518,0,0,16,0,0,0,0,0,0,0,0,0,0,0,0,0,0,0,0,True
2,0,100000,300000,4,0,True,0,299918,4,4,2,hot,0,0.303619,37748736,3657352,392,460687488,460687488,1799550,0,75,299925,0,0,16,0,0,0,0,0,0,0,0,0,0,0,0,0,0,0,0,True
2,1,100000,300000,4,0,True,0,220889,4,2,8,uniform,1,0.205311,407470080,5428160,1771200,345553784,345553784,1325364,0,79106,220894,0,0,16,0,0,0,0,0,0,0,0,0,0,0,0,0,0,0,0,True
2,2,100000,300000,4,0,True,0,286050,4,2,4,uniform,1,0.235515,507117568,3656960,0,440577232,440577232,1716324,0,13946,286054,0,0,16,0,0,0,0,0,0,0,0,0,0,0,0,0,0,0,0,True
2,3,100000,300000,4,0,True,0,244314,4,2,8,uniform,0,0.239393,37502976,3783360,126400,380881312,380881312,1465902,0,55683,244317,0,0,16,0,0,0,0,0,0,0,0,0,0,0,0,0,0,0,0,True
2,4,100000,300000,4,0,True,1,1281,4,4,8,uniform,0,0.163451,37781504,5878560,2221600,49294632,49294632,170472,0,271588,28412,0,0,16,0,0,0,0,0,0,0,0,0,0,0,0,0,0,0,0,True
2,5,100000,300000,4,0,True,1,4366,4,2,2,uniform,1,0.173393,201244672,4121984,465024,154879216,154879216,584028,0,202662,97338,0,0,16,0,0,0,0,0,0,0,0,0,0,0,0,0,0,0,0,True
2,6,100000,300000,4,0,True,0,273958,4,4,4,uniform,1,0.27189,488439808,3657064,104,423090472,423090472,1643808,0,26032,273968,0,0,16,0,0,0,0,0,0,0,0,0,0,0,0,0,0,0,0,True
2,7,100000,300000,4,0,True,0,298984,4,2,8,hot,1,0.278692,527302656,3666160,9200,459313328,459313328,1793988,0,1002,298998,0,0,16,0,0,0,0,0,0,0,0,0,0,0,0,0,0,0,0,True
2,8,100000,300000,4,0,True,0,298672,4,1,2,uniform,0,0.252736,34979840,3656960,0,458835000,458835000,1792044,0,1326,298674,0,0,16,0,0,0,0,0,0,0,0,0,0,0,0,0,0,0,0,True
2,9,100000,300000,4,0,True,1,0,4,1,0,hot,0,0.264236,34799616,3656960,0,460800000,460800000,1800000,0,0,300000,0,0,16,0,0,0,0,0,0,0,0,0,0,0,0,0,0,0,0,True
2,10,100000,300000,4,0,True,0,299950,4,2,2,hot,1,0.278498,528842752,3657128,168,460732560,460732560,1799730,0,45,299955,0,0,16,0,0,0,0,0,0,0,0,0,0,0,0,0,0,0,0,True
2,11,100000,300000,4,0,True,1,2550,4,4,4,uniform,0,0.190248,36175872,4690616,1033656,91935912,91935912,336540,0,243910,56090,0,0,16,0,0,0,0,0,0,0,0,0,0,0,0,0,0,0,0,True
2,12,100000,300000,4,0,True,0,295409,4,2,2,uniform,1,0.251611,521584640,3661048,4088,454004976,454004976,1772508,0,4582,295418,0,0,16,0,0,0,0,0,0,0,0,0,0,0,0,0,0,0,0,True
2,13,100000,300000,4,0,True,0,299712,4,2,4,hot,1,0.259238,528498688,3658208,1248,460383624,460383624,1798326,0,279,299721,0,0,16,0,0,0,0,0,0,0,0,0,0,0,0,0,0,0,0,True
2,14,100000,300000,4,0,True,0,297563,4,4,2,uniform,0,0.278773,42680320,3657744,784,457191800,457191800,1785396,0,2434,297566,0,0,16,0,0,0,0,0,0,0,0,0,0,0,0,0,0,0,0,True
2,15,100000,300000,4,0,True,1,4430,4,4,2,uniform,1,0.209607,201375744,4121704,464744,154944760,154944760,584286,0,202619,97381,0,0,16,0,0,0,0,0,0,0,0,0,0,0,0,0,0,0,0,True
2,16,100000,300000,4,0,True,1,191825,4,4,8,hot,0,0.244176,37027840,5877160,2220200,300290008,300290008,1159818,0,106697,193303,0,0,16,0,0,0,0,0,0,0,0,0,0,0,0,0,0,0,0,True
2,17,100000,300000,4,0,True,1,224463,4,4,4,hot,0,0.27644,35848192,4731488,1074528,351837056,351837056,1366050,0,72325,227675,0,0,16,0,0,0,0,0,0,0,0,0,0,0,0,0,0,0,0,True
2,18,100000,300000,4,0,True,0,280238,4,1,4,uniform,0,0.261989,35487744,3663720,6760,432188048,432188048,1681464,0,19756,280244,0,0,16,0,0,0,0,0,0,0,0,0,0,0,0,0,0,0,0,True
2,19,100000,300000,4,0,True,1,190086,4,2,8,hot,0,0.221785,36831232,5877360,2220400,297854920,297854920,1149870,0,108355,191645,0,0,16,0,0,0,0,0,0,0,0,0,0,0,0,0,0,0,0,True
2,20,100000,300000,4,0,True,1,246971,4,1,2,hot,0,0.27364,35323904,4117560,460600,392781832,392781832,1529742,0,45043,254957,0,0,16,0,0,0,0,0,0,0,0,0,0,0,0,0,0,0,0,True
2,21,100000,300000,4,0,True,0,299555,4,1,8,hot,0,0.282222,34766848,3661360,4400,460150432,460150432,1797372,0,438,299562,0,0,16,0,0,0,0,0,0,0,0,0,0,0,0,0,0,0,0,True
2,22,100000,300000,4,0,True,1,245828,4,2,2,hot,0,0.264293,35438592,4117728,460768,391219432,391219432,1523484,0,46086,253914,0,0,16,0,0,0,0,0,0,0,0,0,0,0,0,0,0,0,0,True
2,23,100000,300000,4,0,True,1,4554,4,1,2,uniform,1,0.166474,201261056,4122712,465752,154962880,154962880,584364,0,202606,97394,0,0,16,0,0,0,0,0,0,0,0,0,0,0,0,0,0,0,0,True
2,24,100000,300000,4,0,True,1,0,4,1,0,hot,1,0.265701,528826368,3656960,0,460800000,460800000,1800000,0,0,300000,0,0,16,0,0,0,0,0,0,0,0,0,0,0,0,0,0,0,0,True
2,25,100000,300000,4,0,True,1,226272,4,1,4,hot,0,0.229006,35733504,4733152,1076192,354369216,354369216,1376250,0,70625,229375,0,0,16,0,0,0,0,0,0,0,0,0,0,0,0,0,0,0,0,True
2,26,100000,300000,4,0,True,1,0,4,4,0,hot,0,0.294857,34816000,3656960,0,460800000,460800000,1800000,0,0,300000,0,0,16,0,0,0,0,0,0,0,0,0,0,0,0,0,0,0,0,True
2,27,100000,300000,4,0,True,1,2654,4,1,4,uniform,1,0.142965,133758976,4693736,1036776,91941744,91941744,336564,0,243906,56094,0,0,16,0,0,0,0,0,0,0,0,0,0,0,0,0,0,0,0,True
2,28,100000,300000,4,0,True,0,299885,4,4,2,hot,1,0.302164,528826368,3657240,280,460642640,460642640,1799370,0,105,299895,0,0,16,0,0,0,0,0,0,0,0,0,0,0,0,0,0,0,0,True
2,29,100000,300000,4,0,True,1,164202,4,4,8,hot,1,0.241899,316162048,5886560,2229600,260128688,260128688,998148,0,133642,166358,0,0,16,0,0,0,0,0,0,0,0,0,0,0,0,0,0,0,0,True
2,30,100000,300000,4,0,True,0,299927,4,1,2,hot,1,0.260917,528793600,3657016,56,460701088,460701088,1799604,0,66,299934,0,0,16,0,0,0,0,0,0,0,0,0,0,0,0,0,0,0,0,True
2,31,100000,300000,4,0,True,0,270427,4,1,4,uniform,1,0.185634,482705408,3937760,280800,417573792,417573792,1622592,0,29568,270432,0,0,16,0,0,0,0,0,0,0,0,0,0,0,0,0,0,0,0,True
2,32,100000,300000,4,0,True,1,0,4,2,0,hot,1,0.258389,528875520,3656960,0,460800000,460800000,1800000,0,0,300000,0,0,16,0,0,0,0,0,0,0,0,0,0,0,0,0,0,0,0,True
2,33,100000,300000,4,0,True,0,298509,4,2,2,uniform,0,0.253593,40452096,3656960,0,458593144,458593144,1791066,0,1489,298511,0,0,16,0,0,0,0,0,0,0,0,0,0,0,0,0,0,0,0,True
2,34,100000,300000,4,0,True,1,2641,4,2,4,uniform,0,0.160943,36192256,4692384,1035424,91965488,91965488,336660,0,243890,56110,0,0,16,0,0,0,0,0,0,0,0,0,0,0,0,0,0,0,0,True
2,35,100000,300000,4,0,True,1,1366,4,1,8,uniform,0,0.14326,37535744,5876760,2219800,49309600,49309600,170550,0,271575,28425,0,0,16,0,0,0,0,0,0,0,0,0,0,0,0,0,0,0,0,True
2,36,100000,300000,4,0,True,1,173613,4,1,8,hot,1,0.211473,330727424,5886160,2229200,273840048,273840048,1053258,0,124457,175543,0,0,16,0,0,0,0,0,0,0,0,0,0,0,0,0,0,0,0,True
2,37,100000,300000,4,0,True,1,0,4,4,0,uniform,0,0.240285,43352064,3656960,0,460800000,460800000,1800000,0,0,300000,0,0,16,0,0,0,0,0,0,0,0,0,0,0,0,0,0,0,0,True
2,38,100000,300000,4,0,True,0,299464,4,4,8,hot,1,0.330877,528187392,3658960,2000,460019392,460019392,1796832,0,528,299472,0,0,16,0,0,0,0,0,0,0,0,0,0,0,0,0,0,0,0,True
2,39,100000,300000,4,0,True,0,299604,4,4,8,hot,0,0.323595,34947072,3659960,3000,460222160,460222160,1797660,0,390,299610,0,0,16,0,0,0,0,0,0,0,0,0,0,0,0,0,0,0,0,True
2,40,100000,300000,4,0,True,0,235603,4,4,8,uniform,1,0.251223,430653440,3719360,62400,368895152,368895152,1413642,0,64393,235607,0,0,16,0,0,0,0,0,0,0,0,0,0,0,0,0,0,0,0,True
2,41,100000,300000,4,0,True,1,2530,4,4,4,uniform,1,0.173985,133955584,4693112,1036152,91932144,91932144,336546,0,243909,56091,0,0,16,0,0,0,0,0,0,0,0,0,0,0,0,0,0,0,0,True
2,42,100000,300000,4,0,True,0,299811,4,2,4,hot,0,0.291831,34816000,3656960,0,460530848,460530848,1798908,0,182,299818,0,0,16,0,0,0,0,0,0,0,0,0,0,0,0,0,0,0,0,True
2,43,100000,300000,4,0,True,1,0,4,2,0,uniform,1,0.225082,528859136,3656960,0,460800000,460800000,1800000,0,0,300000,0,0,16,0,0,0,0,0,0,0,0,0,0,0,0,0,0,0,0,True
2,44,100000,300000,4,0,True,1,2529,4,2,4,uniform,1,0.158886,133840896,4691136,1034176,91936464,91936464,336558,0,243907,56093,0,0,16,0,0,0,0,0,0,0,0,0,0,0,0,0,0,0,0,True
2,45,100000,300000,4,0,True,0,299805,4,1,4,hot,1,0.260758,528613376,3657584,624,460521112,460521112,1798872,0,188,299812,0,0,16,0,0,0,0,0,0,0,0,0,0,0,0,0,0,0,0,True
2,46,100000,300000,4,0,True,0,299789,4,4,4,hot,0,0.304236,39534592,3657480,520,460497160,460497160,1798776,0,204,299796,0,0,16,0,0,0,0,0,0,0,0,0,0,0,0,0,0,0,0,True
2,47,100000,300000,4,0,True,1,194175,4,1,8,hot,0,0.207351,36700160,5878760,2221800,303787800,303787800,1173750,0,104375,195625,0,0,16,0,0,0,0,0,0,0,0,0,0,0,0,0,0,0,0,True
2,48,100000,300000,4,0,True,1,2537,4,1,4,uniform,0,0.141357,35913728,4692176,1035216,91903168,91903168,336432,0,243928,56072,0,0,16,0,0,0,0,0,0,0,0,0,0,0,0,0,0,0,0,True
2,49,100000,300000,4,0,True,0,299476,4,2,8,hot,0,0.284483,35241984,3660160,3200,460032824,460032824,1796904,0,516,299484,0,0,16,0,0,0,0,0,0,0,0,0,0,0,0,0,0,0,0,True
2,50,100000,300000,4,0,True,0,217274,4,1,8,uniform,0,0.207735,37191680,5028760,1371800,341847944,341847944,1303674,0,82721,217279,0,0,16,0,0,0,0,0,0,0,0,0,0,0,0,0,0,0,0,True
2,51,100000,300000,4,0,True,1,0,4,2,0,hot,0,0.251207,37814272,3656960,0,460800000,460800000,1800000,0,0,300000,0,0,16,0,0,0,0,0,0,0,0,0,0,0,0,0,0,0,0,True
2,52,100000,300000,4,0,True,1,241371,4,4,2,hot,0,0.30244,35373056,4118176,461216,385290744,385290744,1499748,0,50042,249958,0,0,16,0,0,0,0,0,0,0,0,0,0,0,0,0,0,0,0,True
2,53,100000,300000,4,0,True,0,299922,4,1,2,hot,0,0.298265,34766848,3657016,56,460692376,460692376,1799568,0,72,299928,0,0,16,0,0,0,0,0,0,0,0,0,0,0,0,0,0,0,0,True
2,54,100000,300000,4,0,True,0,299881,4,2,2,hot,0,0.283245,34930688,3657128,168,460637056,460637056,1799346,0,109,299891,0,0,16,0,0,0,0,0,0,0,0,0,0,0,0,0,0,0,0,True
2,55,100000,300000,4,0,True,0,297776,4,4,2,uniform,1,0.272056,525467648,3663904,6944,457502864,457502864,1786680,0,2220,297780,0,0,16,0,0,0,0,0,0,0,0,0,0,0,0,0,0,0,0,True
2,56,100000,300000,4,0,True,1,0,4,1,0,uniform,1,0.245047,528826368,3656960,0,460800000,460800000,1800000,0,0,300000,0,0,16,0,0,0,0,0,0,0,0,0,0,0,0,0,0,0,0,True
2,57,100000,300000,4,0,True,0,287561,4,2,4,uniform,0,0.241658,35995648,3656960,0,442748184,442748184,1725384,0,12436,287564,0,0,16,0,0,0,0,0,0,0,0,0,0,0,0,0,0,0,0,True
2,58,100000,300000,4,0,True,1,1334,4,4,8,uniform,1,0.15712,89833472,5875960,2219000,49312328,49312328,170538,0,271577,28423,0,0,16,0,0,0,0,0,0,0,0,0,0,0,0,0,0,0,0,True
2,59,100000,300000,4,0,True,1,1268,4,2,8,uniform,1,0.137189,89604096,5879960,2223000,49235072,49235072,170262,0,271623,28377,0,0,16,0,0,0,0,0,0,0,0,0,0,0,0,0,0,0,0,True
2,60,100000,300000,4,0,True,1,4394,4,4,2,uniform,0,0.177863,36601856,4119296,462336,154917112,154917112,584178,0,202637,97363,0,0,16,0,0,0,0,0,0,0,0,0,0,0,0,0,0,0,0,True
2,61,100000,300000,4,0,True,1,0,4,4,0,uniform,1,0.237035,529022976,3656960,0,460800000,460800000,1800000,0,0,300000,0,0,16,0,0,0,0,0,0,0,0,0,0,0,0,0,0,0,0,True
2,62,100000,300000,4,0,True,1,215989,4,1,2,hot,1,0.211984,412532736,4119968,463008,351891528,351891528,1365984,0,72336,227664,0,0,16,0,0,0,0,0,0,0,0,0,0,0,0,0,0,0,0,True
2,63,100000,300000,4,0,True,0,296977,4,1,2,uniform,1,0.254621,524075008,3657016,56,456327816,456327816,1781892,0,3018,296982,0,0,16,0,0,0,0,0,0,0,0,0,0,0,0,0,0,0,0,True
2,64,100000,300000,4,0,True,0,299760,4,1,4,hot,0,0.290549,34717696,3657584,624,460455192,460455192,1798608,0,232,299768,0,0,16,0,0,0,0,0,0,0,0,0,0,0,0,0,0,0,0,True
2,65,100000,300000,4,0,True,1,193973,4,2,4,hot,1,0.225278,366706688,4736064,1079104,308739064,308739064,1192806,0,101199,198801,0,0,16,0,0,0,0,0,0,0,0,0,0,0,0,0,0,0,0,True
2,66,100000,300000,4,0,True,1,226345,4,2,4,hot,0,0.247882,35848192,4732736,1075776,354509184,354509184,1376826,0,70529,229471,0,0,16,0,0,0,0,0,0,0,0,0,0,0,0,0,0,0,0,True
2,67,100000,300000,4,0,True,1,198066,4,4,4,hot,1,0.261607,373112832,4737832,1080872,314600048,314600048,1216320,0,97280,202720,0,0,16,0,0,0,0,0,0,0,0,0,0,0,0,0,0,0,0,True
2,68,100000,300000,4,0,True,1,4509,4,1,2,uniform,0,0.161633,35569664,4120416,463456,154949400,154949400,584298,0,202617,97383,0,0,16,0,0,0,0,0,0,0,0,0,0,0,0,0,0,0,0,True
2,69,100000,300000,4,0,True,0,299735,4,1,8,hot,1,0.261163,528465920,3658160,1200,460413304,460413304,1798434,0,261,299739,0,0,16,0,0,0,0,0,0,0,0,0,0,0,0,0,0,0,0,True
2,70,100000,300000,4,0,True,1,0,4,2,0,uniform,0,0.233701,40353792,3656960,0,460800000,460800000,1800000,0,0,300000,0,0,16,0,0,0,0,0,0,0,0,0,0,0,0,0,0,0,0,True
2,71,100000,300000,4,0,True,1,164570,4,2,8,hot,1,0.209123,316604416,5884560,2227600,260633912,260633912,1000152,0,133308,166692,0,0,16,0,0,0,0,0,0,0,0,0,0,0,0,0,0,0,0,True
2,72,100000,300000,4,0,True,1,204475,4,1,4,hot,1,0.217912,382779392,4736584,1079624,323747224,323747224,1253172,0,91138,208862,0,0,16,0,0,0,0,0,0,0,0,0,0,0,0,0,0,0,0,True
2,73,100000,300000,4,0,True,1,4345,4,2,2,uniform,0,0.1841,36061184,4122768,465808,154830200,154830200,583842,0,202693,97307,0,0,16,0,0,0,0,0,0,0,0,0,0,0,0,0,0,0,0,True
2,74,100000,300000,4,0,True,1,0,4,4,0,hot,1,0.297493,529006592,3656960,0,460800000,460800000,1800000,0,0,300000,0,0,16,0,0,0,0,0,0,0,0,0,0,0,0,0,0,0,0,True
2,75,100000,300000,4,0,True,1,0,4,1,0,uniform,0,0.19355,34848768,3656960,0,460800000,460800000,1800000,0,0,300000,0,0,16,0,0,0,0,0,0,0,0,0,0,0,0,0,0,0,0,True
2,76,100000,300000,4,0,True,1,1332,4,2,8,uniform,0,0.151154,37715968,5875560,2218600,49350992,49350992,170682,0,271553,28447,0,0,16,0,0,0,0,0,0,0,0,0,0,0,0,0,0,0,0,True
2,77,100000,300000,4,0,True,0,221406,4,4,8,uniform,0,0.232628,50003968,3880360,223400,347737432,347737432,1328472,0,78588,221412,0,0,16,0,0,0,0,0,0,0,0,0,0,0,0,0,0,0,0,True
2,78,100000,300000,4,0,True,1,224369,4,2,2,hot,1,0.246346,424525824,4119912,462952,363027544,363027544,1410594,0,64901,235099,0,0,16,0,0,0,0,0,0,0,0,0,0,0,0,0,0,0,0,True
2,79,100000,300000,4,0,True,0,278401,4,4,4,uniform,0,0.261418,38027264,3669232,12272,429470808,429470808,1670448,0,21592,278408,0,0,16,0,0,0,0,0,0,0,0,0,0,0,0,0,0,0,0,True
2,80,100000,300000,4,0,True,0,299763,4,4,4,hot,1,0.318772,528728064,3658208,1248,460462872,460462872,1798638,0,227,299773,0,0,16,0,0,0,0,0,0,0,0,0,0,0,0,0,0,0,0,True
2,81,100000,300000,4,0,True,1,226650,4,4,2,hot,1,0.278947,427720704,4119184,462224,365938864,365938864,1422240,0,62960,237040,0,0,16,0,0,0,0,0,0,0,0,0,0,0,0,0,0,0,0,True
2,82,100000,300000,4,0,True,0,251708,4,1,8,uniform,1,0.235611,454459392,3664560,7600,391395568,391395568,1510278,0,48287,251713,0,0,16,0,0,0,0,0,0,0,0,0,0,0,0,0,0,0,0,True
2,83,100000,300000,4,0,True,1,1328,4,1,8,uniform,1,0.149375,89686016,5880360,2223400,49334096,49334096,170616,0,271564,28436,0,0,16,0,0,0,0,0,0,0,0,0,0,0,0,0,0,0,0,True
3,0,100000,300000,4,0,True,0,299830,4,1,4,hot,0,0.298973,34717696,3657272,312,460556000,460556000,1799016,0,164,299836,0,0,16,0,0,0,0,0,0,0,0,0,0,0,0,0,0,0,0,True
3,1,100000,300000,4,0,True,1,0,4,4,0,hot,0,0.310187,35110912,3656960,0,460800000,460800000,1800000,0,0,300000,0,0,16,0,0,0,0,0,0,0,0,0,0,0,0,0,0,0,0,True
3,2,100000,300000,4,0,True,1,178687,4,1,8,hot,1,0.211154,338870272,5883360,2226400,281378152,281378152,1083492,0,119418,180582,0,0,16,0,0,0,0,0,0,0,0,0,0,0,0,0,0,0,0,True
3,3,100000,300000,4,0,True,1,233819,4,1,2,hot,1,0.2493,437878784,4119016,462056,375547368,375547368,1460760,0,56540,243460,0,0,16,0,0,0,0,0,0,0,0,0,0,0,0,0,0,0,0,True
3,4,100000,300000,4,0,True,1,192374,4,2,8,hot,0,0.2324,36732928,5878360,2221400,301171584,301171584,1163214,0,106131,193869,0,0,16,0,0,0,0,0,0,0,0,0,0,0,0,0,0,0,0,True
3,5,100000,300000,4,0,True,0,294472,4,2,2,uniform,1,0.242356,520093696,3676448,19488,452600160,452600160,1766880,0,5520,294480,0,0,16,0,0,0,0,0,0,0,0,0,0,0,0,0,0,0,0,True
3,6,100000,300000,4,0,True,0,299650,4,1,8,hot,1,0.257876,528302080,3659360,2400,460293416,460293416,1797936,0,344,299656,0,0,16,0,0,0,0,0,0,0,0,0,0,0,0,0,0,0,0,True
3,7,100000,300000,4,0,True,1,0,4,4,0,hot,1,0.297283,528924672,3656960,0,460800000,460800000,1800000,0,0,300000,0,0,16,0,0,0,0,0,0,0,0,0,0,0,0,0,0,0,0,True
3,8,100000,300000,4,0,True,1,194557,4,1,8,hot,0,0.207138,36716544,5877760,2220800,304314488,304314488,1175898,0,104017,195983,0,0,16,0,0,0,0,0,0,0,0,0,0,0,0,0,0,0,0,True
3,9,100000,300000,4,0,True,1,0,4,2,0,uniform,1,0.218382,528875520,3656960,0,460800000,460800000,1800000,0,0,300000,0,0,16,0,0,0,0,0,0,0,0,0,0,0,0,0,0,0,0,True
3,10,100000,300000,4,0,True,1,1327,4,4,8,uniform,1,0.173206,89849856,5875160,2218200,49323544,49323544,170574,0,271571,28429,0,0,16,0,0,0,0,0,0,0,0,0,0,0,0,0,0,0,0,True
3,11,100000,300000,4,0,True,0,299613,4,4,8,hot,0,0.318273,36093952,3662360,5400,460234984,460234984,1797714,0,381,299619,0,0,16,0,0,0,0,0,0,0,0,0,0,0,0,0,0,0,0,True
3,12,100000,300000,4,0,True,0,299900,4,1,2,hot,1,0.260551,528777216,3657128,168,460662328,460662328,1799448,0,92,299908,0,0,16,0,0,0,0,0,0,0,0,0,0,0,0,0,0,0,0,True
3,13,100000,300000,4,0,True,1,0,4,2,0,hot,1,0.259895,528875520,3656960,0,460800000,460800000,1800000,0,0,300000,0,0,16,0,0,0,0,0,0,0,0,0,0,0,0,0,0,0,0,True
3,14,100000,300000,4,0,True,1,243737,4,2,2,hot,0,0.269592,35291136,4117280,460320,388457816,388457816,1512444,0,47926,252074,0,0,16,0,0,0,0,0,0,0,0,0,0,0,0,0,0,0,0,True
3,15,100000,300000,4,0,True,0,299961,4,4,2,hot,0,0.312043,35504128,3656960,0,460747752,460747752,1799790,0,35,299965,0,0,16,0,0,0,0,0,0,0,0,0,0,0,0,0,0,0,0,True
3,16,100000,300000,4,0,True,0,295239,4,4,2,uniform,0,0.284346,38387712,3657072,112,453755256,453755256,1771482,0,4753,295247,0,0,16,0,0,0,0,0,0,0,0,0,0,0,0,0,0,0,0,True
3,17,100000,300000,4,0,True,1,4391,4,2,2,uniform,1,0.159671,201326592,4120248,463288,154939064,154939064,584262,0,202623,97377,0,0,16,0,0,0,0,0,0,0,0,0,0,0,0,0,0,0,0,True
3,18,100000,300000,4,0,True,1,1326,4,1,8,uniform,0,0.128026,37519360,5878960,2222000,49274336,49274336,170406,0,271599,28401,0,0,16,0,0,0,0,0,0,0,0,0,0,0,0,0,0,0,0,True
3,19,100000,300000,4,0,True,1,222043,4,4,4,hot,0,0.27365,35962880,4732424,1075464,348339992,348339992,1352052,0,74658,225342,0,0,16,0,0,0,0,0,0,0,0,0,0,0,0,0,0,0,0,True
3,20,100000,300000,4,0,True,0,299700,4,1,4,hot,1,0.270353,528449536,3657480,520,460369616,460369616,1798266,0,289,299711,0,0,16,0,0,0,0,0,0,0,0,0,0,0,0,0,0,0,0,True
3,21,100000,300000,4,0,True,0,233264,4,4,8,uniform,0,0.2352,44072960,4616760,959800,364249584,364249584,1399614,0,66731,233269,0,0,16,0,0,0,0,0,0,0,0,0,0,0,0,0,0,0,0,True
3,22,100000,300000,4,0,True,1,160413,4,4,8,hot,1,0.238295,310394880,5888160,2231200,254695496,254695496,976116,0,137314,162686,0,0,16,0,0,0,0,0,0,0,0,0,0,0,0,0,0,0,0,True
3,23,100000,300000,4,0,True,0,299784,4,2,4,hot,1,0.277856,528580608,3657272,312,460491016,460491016,1798752,0,208,299792,0,0,16,0,0,0,0,0,0,0,0,0,0,0,0,0,0,0,0,True
3,24,100000,300000,4,0,True,1,2631,4,2,4,uniform,0,0.149621,36061184,4689160,1032200,92006984,92006984,336816,0,243864,56136,0,0,16,0,0,0,0,0,0,0,0,0,0,0,0,0,0,0,0,True
3,25,100000,300000,4,0,True,1,209393,4,1,4,hot,1,0.230832,390086656,4735856,1078896,330542808,330542808,1280520,0,86580,213420,0,0,16,0,0,0,0,0,0,0,0,0,0,0,0,0,0,0,0,True
3,26,100000,300000,4,0,True,1,200003,4,2,4,hot,1,0.23751,375963648,4736584,1079624,317346888,317346888,1227450,0,95425,204575,0,0,16,0,0,0,0,0,0,0,0,0,0,0,0,0,0,0,0,True
3,27,100000,300000,4,0,True,1,4516,4,1,2,uniform,0,0.16772,35438592,4118736,461776,155033208,155033208,584628,0,202562,97438,0,0,16,0,0,0,0,0,0,0,0,0,0,0,0,0,0,0,0,True
3,28,100000,300000,4,0,True,1,0,4,1,0,uniform,0,0.245541,34865152,3656960,0,460800000,460800000,1800000,0,0,300000,0,0,16,0,0,0,0,0,0,0,0,0,0,0,0,0,0,0,0,True
3,29,100000,300000,4,0,True,0,299852,4,4,4,hot,0,0.32213,35389440,3657168,208,460587424,460587424,1799142,0,143,299857,0,0,16,0,0,0,0,0,0,0,0,0,0,0,0,0,0,0,0,True
3,30,100000,300000,4,0,True,1,0,4,2,0,hot,0,0.262085,35094528,3656960,0,460800000,460800000,1800000,0,0,300000,0,0,16,0,0,0,0,0,0,0,0,0,0,0,0,0,0,0,0,True
3,31,100000,300000,4,0,True,1,0,4,1,0,uniform,1,0.251384,528826368,3656960,0,460800000,460800000,1800000,0,0,300000,0,0,16,0,0,0,0,0,0,0,0,0,0,0,0,0,0,0,0,True
3,32,100000,300000,4,0,True,0,288047,4,4,4,uniform,0,0.246458,41385984,3656960,0,443435008,443435008,1728294,0,11951,288049,0,0,16,0,0,0,0,0,0,0,0,0,0,0,0,0,0,0,0,True
3,33,100000,300000,4,0,True,0,299851,4,1,2,hot,0,0.295086,34766848,3657576,616,460591704,460591704,1799166,0,139,299861,0,0,16,0,0,0,0,0,0,0,0,0,0,0,0,0,0,0,0,True
3,34,100000,300000,4,0,True,1,4408,4,4,2,uniform,1,0.213777,201375744,4122824,465864,154917224,154917224,584178,0,202637,97363,0,0,16,0,0,0,0,0,0,0,0,0,0,0,0,0,0,0,0,True
3,35,100000,300000,4,0,True,0,296676,4,1,2,uniform,1,0.264967,523567104,3657744,784,455879368,455879368,1780086,0,3319,296681,0,0,16,0,0,0,0,0,0,0,0,0,0,0,0,0,0,0,0,True
3,36,100000,300000,4,0,True,0,222963,4,2,8,uniform,0,0.21433,44351488,3698160,41200,350896784,350896784,1337814,0,77031,222969,0,0,16,0,0,0,0,0,0,0,0,0,0,0,0,0,0,0,0,True
3,37,100000,300000,4,0,True,0,270933,4,4,4,uniform,1,0.259671,483606528,3674952,17992,418551344,418551344,1625646,0,29059,270941,0,0,16,0,0,0,0,0,0,0,0,0,0,0,0,0,0,0,0,True
3,38,100000,300000,4,0,True,1,1287,4,2,8,uniform,0,0.146422,37502976,5878760,2221800,49251432,49251432,170322,0,271613,28387,0,0,16,0,0,0,0,0,0,0,0,0,0,0,0,0,0,0,0,True
3,39,100000,300000,4,0,True,1,4454,4,1,2,uniform,1,0.161998,201342976,4118064,461104,155037064,155037064,584640,0,202560,97440,0,0,16,0,0,0,0,0,0,0,0,0,0,0,0,0,0,0,0,True
3,40,100000,300000,4,0,True,0,299704,4,2,4,hot,0,0.281287,34750464,3657584,624,460377112,460377112,1798290,0,285,299715,0,0,16,0,0,0,0,0,0,0,0,0,0,0,0,0,0,0,0,True
3,41,100000,300000,4,0,True,1,242140,4,4,2,hot,0,0.286806,35471360,4118176,461216,386369648,386369648,1504062,0,49323,250677,0,0,16,0,0,0,0,0,0,0,0,0,0,0,0,0,0,0,0,True
3,42,100000,300000,4,0,True,1,224868,4,4,2,hot,1,0.292586,425164800,4119520,462560,363565704,363565704,1412736,0,64544,235456,0,0,16,0,0,0,0,0,0,0,0,0,0,0,0,0,0,0,0,True
3,43,100000,300000,4,0,True,1,227330,4,2,2,hot,1,0.251141,428687360,4119240,462280,366905616,366905616,1426110,0,62315,237685,0,0,16,0,0,0,0,0,0,0,0,0,0,0,0,0,0,0,0,True
3,44,100000,300000,4,0,True,1,0,4,4,0,uniform,0,0.22966,44957696,3656960,0,460800000,460800000,1800000,0,0,300000,0,0,16,0,0,0,0,0,0,0,0,0,0,0,0,0,0,0,0,True
3,45,100000,300000,4,0,True,1,0,4,1,0,hot,1,0.246221,528826368,3656960,0,460800000,460800000,1800000,0,0,300000,0,0,16,0,0,0,0,0,0,0,0,0,0,0,0,0,0,0,0,True
3,46,100000,300000,4,0,True,1,227006,4,1,4,hot,0,0.226415,35766272,4732736,1075776,355341016,355341016,1380222,0,69963,230037,0,0,16,0,0,0,0,0,0,0,0,0,0,0,0,0,0,0,0,True
3,47,100000,300000,4,0,True,0,299805,4,4,4,hot,1,0.303341,528777216,3657480,520,460518224,460518224,1798866,0,189,299811,0,0,16,0,0,0,0,0,0,0,0,0,0,0,0,0,0,0,0,True
3,48,100000,300000,4,0,True,1,0,4,4,0,uniform,1,0.240713,529006592,3656960,0,460800000,460800000,1800000,0,0,300000,0,0,16,0,0,0,0,0,0,0,0,0,0,0,0,0,0,0,0,True
3,49,100000,300000,4,0,True,0,254400,4,1,8,uniform,1,0.203919,458948608,3659760,2800,395529808,395529808,1526418,0,45597,254403,0,0,16,0,0,0,0,0,0,0,0,0,0,0,0,0,0,0,0,True
3,50,100000,300000,4,0,True,0,299558,4,1,8,hot,0,0.263557,34717696,3659960,3000,460155440,460155440,1797390,0,435,299565,0,0,16,0,0,0,0,0,0,0,0,0,0,0,0,0,0,0,0,True
3,51,100000,300000,4,0,True,0,298423,4,1,2,uniform,0,0.242464,34996224,3656960,0,458465304,458465304,1790550,0,1575,298425,0,0,16,0,0,0,0,0,0,0,0,0,0,0,0,0,0,0,0,True
3,52,100000,300000,4,0,True,1,0,4,2,0,uniform,0,0.234216,42090496,3656960,0,460800000,460800000,1800000,0,0,300000,0,0,16,0,0,0,0,0,0,0,0,0,0,0,0,0,0,0,0,True
3,53,100000,300000,4,0,True,1,249363,4,1,2,hot,0,0.2666,35078144,4117168,460208,395950600,395950600,1542456,0,42924,257076,0,0,16,0,0,0,0,0,0,0,0,0,0,0,0,0,0,0,0,True
3,54,100000,300000,4,0,True,1,158344,4,2,8,hot,1,0.208892,307101696,5890560,2233600,251706168,251706168,964128,0,139312,160688,0,0,16,0,0,0,0,0,0,0,0,0,0,0,0,0,0,0,0,True
3,55,100000,300000,4,0,True,0,294719,4,2,2,uniform,0,0.257245,35602432,3657016,56,452978664,452978664,1768350,0,5275,294725,0,0,16,0,0,0,0,0,0,0,0,0,0,0,0,0,0,0,0,True
3,56,100000,300000,4,0,True,1,4535,4,2,2,uniform,0,0.179928,35536896,4120584,463624,155042672,155042672,584670,0,202555,97445,0,0,16,0,0,0,0,0,0,0,0,0,0,0,0,0,0,0,0,True
3,57,100000,300000,4,0,True,1,2589,4,1,4,uniform,0,0.169793,35962880,4695088,1038128,91899080,91899080,336414,0,243931,56069,0,0,16,0,0,0,0,0,0,0,0,0,0,0,0,0,0,0,0,True
3,58,100000,300000,4,0,True,1,0,4,1,0,hot,0,0.27192,34783232,3656960,0,460800000,460800000,1800000,0,0,300000,0,0,16,0,0,0,0,0,0,0,0,0,0,0,0,0,0,0,0,True
3,59,100000,300000,4,0,True,0,291763,4,4,2,uniform,1,0.303378,515948544,3717216,60256,448549040,448549040,1750662,0,8223,291777,0,0,16,0,0,0,0,0,0,0,0,0,0,0,0,0,0,0,0,True
3,60,100000,300000,4,0,True,0,274986,4,2,4,uniform,1,0.23899,489816064,3854768,197808,424281840,424281840,1649958,0,25007,274993,0,0,16,0,0,0,0,0,0,0,0,0,0,0,0,0,0,0,0,True
3,61,100000,300000,4,0,True,0,235203,4,2,8,uniform,1,0.216739,429735936,5287560,1630600,366604816,366604816,1411236,0,64794,235206,0,0,16,0,0,0,0,0,0,0,0,0,0,0,0,0,0,0,0,True
3,62,100000,300000,4,0,True,1,4362,4,4,2,uniform,0,0.236511,35962880,4122600,465640,154857848,154857848,583950,0,202675,97325,0,0,16,0,0,0,0,0,0,0,0,0,0,0,0,0,0,0,0,True
3,63,100000,300000,4,0,True,1,188691,4,4,8,hot,0,0.245197,37240832,5879360,2222400,295761536,295761536,1141506,0,109749,190251,0,0,16,0,0,0,0,0,0,0,0,0,0,0,0,0,0,0,0,True
3,64,100000,300000,4,0,True,0,280528,4,2,4,uniform,0,0.250295,38027264,3770112,113152,432432376,432432376,1683198,0,19467,280533,0,0,16,0,0,0,0,0,0,0,0,0,0,0,0,0,0,0,0,True
3,65,100000,300000,4,0,True,0,299820,4,2,2,hot,1,0.289094,528662528,3657240,280,460552136,460552136,1799004,0,166,299834,0,0,16,0,0,0,0,0,0,0,0,0,0,0,0,0,0,0,0,True
3,66,100000,300000,4,0,True,0,212469,4,1,8,uniform,0,0.237359,38584320,5330960,1674000,333806808,333806808,1274868,0,87522,212478,0,0,16,0,0,0,0,0,0,0,0,0,0,0,0,0,0,0,0,True
3,67,100000,300000,4,0,True,0,298729,4,2,8,hot,0,0.356759,35536896,3666760,9800,458944664,458944664,1792494,0,1251,298749,0,0,16,0,0,0,0,0,0,0,0,0,0,0,0,0,0,0,0,True
3,68,100000,300000,4,0,True,0,223407,4,4,8,uniform,1,0.238756,411484160,4285760,628800,350426032,350426032,1340472,0,76588,223412,0,0,16,0,0,0,0,0,0,0,0,0,0,0,0,0,0,0,0,True
3,69,100000,300000,4,0,True,1,1346,4,4,8,uniform,0,0.176185,38846464,5877560,2220600,49320080,49320080,170580,0,271570,28430,0,0,16,0,0,0,0,0,0,0,0,0,0,0,0,0,0,0,0,True
3,70,100000,300000,4,0,True,0,299911,4,2,2,hot,0,0.281411,37437440,3657240,280,460678664,460678664,1799514,0,81,299919,0,0,16,0,0,0,0,0,0,0,0,0,0,0,0,0,0,0,0,True
3,71,100000,300000,4,0,True,1,2472,4,4,4,uniform,1,0.166727,133840896,4692904,1035944,91843528,91843528,336210,0,243965,56035,0,0,16,0,0,0,0,0,0,0,0,0,0,0,0,0,0,0,0,True
3,72,100000,300000,4,0,True,1,2627,4,1,4,uniform,1,0.133522,133857280,4693736,1036776,91977752,91977752,336714,0,243881,56119,0,0,16,0,0,0,0,0,0,0,0,0,0,0,0,0,0,0,0,True
3,73,100000,300000,4,0,True,0,279535,4,1,4,uniform,1,0.241429,496910336,3656960,0,431100984,431100984,1677240,0,20460,279540,0,0,16,0,0,0,0,0,0,0,0,0,0,0,0,0,0,0,0,True
3,74,100000,300000,4,0,True,1,1345,4,1,8,uniform,1,0.132234,89686016,5877960,2221000,49344920,49344920,170670,0,271555,28445,0,0,16,0,0,0,0,0,0,0,0,0,0,0,0,0,0,0,0,True
3,75,100000,300000,4,0,True,0,299932,4,4,2,hot,1,0.34384,528957440,3657016,56,460707400,460707400,1799628,0,62,299938,0,0,16,0,0,0,0,0,0,0,0,0,0,0,0,0,0,0,0,True
3,76,100000,300000,4,0,True,0,286022,4,1,4,uniform,0,0.239913,35422208,3727888,70928,440457264,440457264,1716156,0,13974,286026,0,0,16,0,0,0,0,0,0,0,0,0,0,0,0,0,0,0,0,True
3,77,100000,300000,4,0,True,1,225340,4,2,4,hot,0,0.28497,35749888,4731384,1074424,353092384,353092384,1371108,0,71482,228518,0,0,16,0,0,0,0,0,0,0,0,0,0,0,0,0,0,0,0,True
3,78,100000,300000,4,0,True,1,2583,4,4,4,uniform,0,0.172554,36339712,4690720,1033760,91955440,91955440,336624,0,243896,56104,0,0,16,0,0,0,0,0,0,0,0,0,0,0,0,0,0,0,0,True
3,79,100000,300000,4,0,True,0,299842,4,2,8,hot,1,0.25364,528662528,3657560,600,460568384,460568384,1799064,0,156,299844,0,0,16,0,0,0,0,0,0,0,0,0,0,0,0,0,0,0,0,True
3,80,100000,300000,4,0,True,1,1382,4,2,8,uniform,1,0.134178,89751552,5881360,2224400,49325216,49325216,170586,0,271569,28431,0,0,16,0,0,0,0,0,0,0,0,0,0,0,0,0,0,0,0,True
3,81,100000,300000,4,0,True,0,299638,4,4,8,hot,1,0.291326,528465920,3658560,1600,460269048,460269048,1797858,0,357,299643,0,0,16,0,0,0,0,0,0,0,0,0,0,0,0,0,0,0,0,True
3,82,100000,300000,4,0,True,1,205533,4,4,4,hot,1,0.265343,384303104,4738248,1081288,325036416,325036416,1258344,0,90276,209724,0,0,16,0,0,0,0,0,0,0,0,0,0,0,0,0,0,0,0,True
3,83,100000,300000,4,0,True,1,2554,4,2,4,uniform,1,0.175379,133742592,4693320,1036360,91887368,91887368,336378,0,243937,56063,0,0,16,0,0,0,0,0,0,0,0,0,0,0,0,0,0,0,0,True
